"","year","season","sfc_temp","sfc_salt","btm_temp","btm_salt","volume_100m3","ctyp_100m3","calfin_100m3","pseudo_100m3","tlong_100m3","cham_100m3","echino_100m3","larvaceans_100m3","para_100m3","gas_100m3","acarspp_100m3","mlucens_100m3","evadnespp_100m3","oithspp_100m3","chaeto_100m3","hyper_100m3","calminor_100m3","clauso","dec_100m3","euph_100m3","poly_100m3","fish_100m3","siph_100m3","coel_100m3","euph1_100m3","thecos_100m3","spirspp_100m3"
"1",1977,"Fall",-1.65829752533785,0.222463206174661,-0.973596871265018,0.210700388352917,34.8297826086957,0.0911980214497485,0.258452350004545,1.48675710871302,-0.33852237067122,0.127371758055267,-0.257708161200541,-0.985601121569866,-0.536770630444237,-1.24436345193715,-0.533113923505529,-0.135830453181421,0.271136066870537,-0.872209714236742,0.150505157476902,-0.666584730624822,0.498468866861897,-1.48835424648424,-0.324516593424588,-0.663936237888003,-0.456675483820409,-0.386368281794874,-0.846557426140336,-0.537282838399925,-0.568110381476834,-0.404368782120424,-0.420086199847787
"2",1977,"Spring",NA,NA,NA,NA,41.8541791044776,-1.57648349785995,-0.147452865391743,0.0349113731674016,-1.11967864394675,-0.757856300233623,-1.20193601157527,-2.2403827760329,-0.3695756136608,-1.45413555018966,-0.333755163959748,-0.624847074971425,-0.136489034046566,-0.832923539032836,-0.277537752962369,-0.230920906924094,-0.0853780252415777,-0.775704426309465,-0.603946535259094,-0.347730681414568,-0.490465586179089,-0.503013528005386,-0.379413123311897,-0.84431876279009,-0.642516110860722,-0.793765139453452,-0.622468067077978
"3",1977,"Summer",-1.45520181943975,0.218585318278997,-0.503752260967122,0.302389671786784,125.69890625,-1.01799813375428,0.806770348090214,0.485138313916798,-2.05464719088397,-0.603980101702976,-0.588720088201326,-1.68276785126599,-0.317494657823896,-1.43450838602269,-0.591918370681931,0.0966687083851751,-0.150080033646578,-1.25887126697184,-0.221679154359302,-0.678275351120941,-0.0910897722613012,-0.697983662660527,-0.0470849343268007,-0.419894048904967,-0.734268484289283,-0.0949958133409481,-0.549303737178841,-1.07769504755725,-0.515191709265755,-0.73412193496289,-0.532671846180848
"4",1977,"Winter",-2.45821428154254,-0.0151669543903523,-1.64291835259925,0.0213295800518978,33.272,0.02530923057185,0.67561650598204,1.00606947625606,-0.556157794831142,-1.39999322540916,-0.261065711172103,-1.11832209079073,-0.484841129340088,-1.45641848312681,-0.648684773231699,0.257805761827148,-0.180091126956753,-1.21130399107864,0.682290472553006,-0.459160288958279,0.294587221723661,-1.79256318762496,-0.598984561518232,-0.227031751282657,-0.477251285479232,0.0142236604843112,-0.759117921945239,-0.34444918931141,-0.794454803323836,-0.657240457381232,-0.570608418238555
"5",1978,"Fall",-1.64678299658525,-0.208015101155367,-1.27025816703171,-0.185517818705191,37.5526771653543,0.349043771827766,0.465922647533238,1.47901072773778,-0.756824788677958,0.0098993126238128,-0.324837478284006,-1.28752236856474,-0.020889628097661,-1.09865670712783,-0.542109987309351,-0.0648379829372771,-0.143378275064229,-0.964653112411509,0.136071534843482,-0.169580132670688,-0.476992516259173,-1.01171415476339,-0.103778357885218,-0.609088946991115,-0.397557938930933,-0.649157931936804,-0.741599622600016,-0.768349330866485,-0.752166948855486,-0.335392316463178,-0.348299126290875
"6",1978,"Spring",-1.30636430764367,-0.0233752149671189,-1.89727090643303,-0.242111887796995,25.9602564102564,-0.57835524256011,-0.220984612278748,0.312113225023277,-0.96794674211374,-0.339979344108631,-0.550455557473035,-1.94973975405043,-0.584370083042989,-1.4012295142929,-0.414360028307404,-0.916838895122143,-0.120109248730209,-1.28142832923673,0.624753275797505,0.914771338201981,-0.110285114790107,-0.908661602106289,-0.2978373354081,-0.673812673973332,-0.43390432464269,0.306992731872942,-0.393665987738551,-0.641323830841064,-0.690010744777013,-0.75354058143008,-0.575061438351634
"7",1978,"Summer",-1.57825286816455,-0.141529696486473,-1.29982536944687,-0.276815459562134,66.5758064516129,-0.921464313316843,0.47494457097637,0.314468730677393,-1.25087939011766,-0.750266249016813,-0.132410178699839,-1.40928505352424,0.0142636660490523,-1.26577996760456,-0.987797215033593,0.0483930692084154,-0.0825096177575022,-0.798816666607819,0.164926647531192,0.520467538907278,0.105262171275234,-0.654524848583861,-0.0317835307204833,-0.474767181902686,-0.348047459503786,-0.062682458678016,-0.454175443235429,-0.657780666361299,-0.619945153427167,-0.598992579174389,-0.445014686317621
"8",1979,"Fall",-1.03898719534987,0.286618538296715,-0.726812534351677,0.464186934429344,28.6565714285714,0.190640941975037,-0.275003333219256,0.64614736510769,0.366570536908013,0.19056298184074,-0.258308709740158,0.441776533353945,0.127892719045583,0.867851913372704,0.248849019658858,1.14462433107097,0.131229492744494,-0.717536160867135,0.257518839031791,-0.399386983541158,0.487370329573337,0.333616391195204,0.271829884174561,0.0932285342124871,0.0434128333969705,-0.451330284748087,0.139099404918371,-0.294047729799234,0.177786096083114,-0.247928329953041,0.716410105175515
"9",1979,"Spring",-0.678558657070425,0.262450897239825,-1.36115405907457,0.0828942154362754,81.9795454545455,0.715229524436964,-0.146225821873558,-0.0620962697233086,-0.841134422047215,-0.899954556160421,-0.836106229277137,-0.00607738336656873,-0.0243552321195234,0.575052363309393,0.218798241167392,0.440958939854974,-0.0658611214025701,-0.346057842821582,-0.591971587246507,-0.285981520533924,0.161473361771146,-0.222080489548711,-0.298790884170349,0.0731425133651798,-0.0526002612548671,-0.0476183290469418,0.268668912083783,-0.294707653834877,0.0871179246811941,-0.714305551697033,1.1904215898537
"10",1979,"Summer",-0.178794611312287,0.0434210941074134,-0.655074292568003,0.156723913393547,68.4675,0.7530648696506,0.117157896506796,0.102125458546326,-1.35145327026944,-0.690384755486101,-0.0951322268576266,-0.329786608629952,0.232110666625968,0.649933778139599,-0.16906242733447,1.09927171835599,0.00679427923291363,-0.605771450723691,0.454496782016204,0.277249104641009,-0.0824482593382117,-0.349081287961598,0.117170126415326,0.217724506421717,0.241599396904917,0.290803953605508,0.0550703540571911,-0.707472520159116,0.221274965905529,-0.37777414295421,0.624816945761652
"11",1979,"Winter",-0.802211471163899,0.398105284858186,-0.023677032834953,0.57968189674333,27.2057142857143,-0.0509475875131333,-1.01014172201425,0.026074812580254,-0.662732857533382,0.529301180317124,-0.227684623436653,-0.441548377983177,0.0450898201489511,1.2146229138963,-0.559367988989876,0.343834644245521,0.260124881041482,-1.47855379981227,0.73030996592424,0.456825202325875,-0.0827555478318111,-0.986337730370801,0.207011027475049,0.747021969888287,0.0852146000856208,-0.39273854494254,1.28365295851638,0.115858712549365,0.699804404317368,-0.651505709707531,1.91248190909763
"12",1980,"Fall",-1.06323837806234,0.381801606898696,-0.496705222338922,0.394167632769896,41.0758064516129,0.24753107306116,-0.522886817883702,-0.940692783310919,0.160598610681807,-0.622308387022852,-0.182304109600397,-0.0503582650514618,0.136220300431865,0.0914887086055555,0.0063276892718217,0.366173075518602,-0.0311583273424843,-1.07063976271707,-0.206032555865109,-0.387890540818414,1.073813020928,-0.0338684959532686,0.282336042728048,-0.168338945666033,0.28004869746087,-0.651686493034872,1.18197947052631,-0.643496118310634,-0.357772284610703,-0.158901250013745,-0.0838888494567231
"13",1980,"Spring",-0.262182319980933,0.468713979987342,-0.799675003625783,0.306030482406851,45.6026229508197,0.159361285258634,-0.284716586890388,-0.363557604126652,-1.01193612912007,0.218396147721284,-0.53432182090684,-1.46006136110187,0.782338108929077,0.417326867697004,-0.194836569747803,0.157430752556351,-0.0269996587370532,-0.357191608689216,0.0554288773874231,0.14208554539089,-0.0022349667324339,0.145136179332517,-0.0991917429057345,-0.531823398617706,0.404343410116411,0.237809327835426,-0.280824729668566,-0.841000639603269,-0.63187836131357,-0.68421778867757,0.263547411927825
"14",1980,"Summer",-0.349728237431976,0.469102806795278,-0.389856547583984,0.532548573797765,52.1933766233766,0.437465897152399,0.0545821211109152,-0.100322224769978,-0.749104408384373,-0.0477351317948869,0.258866009221702,-0.00656363383877686,0.359730579352419,0.10864948905852,-0.182726105675348,0.602841383153848,-0.367649802787747,-0.478074469361665,-0.0378016562505013,-0.804912768799502,-0.0127276601003036,0.182864043630124,0.119093209748516,0.348658698353636,0.21842803459311,0.509856086942713,0.458714627646046,-0.325441380770958,0.286698655505711,-0.616519936550778,0.439696405702487
"15",1980,"Winter",-2.50545701624865,0.57500792578056,-2.18137869560647,0.534455617366473,13.5281818181818,-0.398126472466473,0.0554073220258573,0.265773780114157,-0.168189165344054,-0.781502625891528,-0.162792890734122,-0.849962632160914,0.112261084668624,-0.706598851228526,0.326362379937777,0.899159939949293,-0.182446122840451,-1.12805310805439,-0.0289065840402636,0.27458770995157,0.253241034772449,0.525287101913992,-0.0604700198867309,0.0691367939080781,0.460754285146162,0.186641942366238,0.0599423208600389,-0.231527496305319,-0.194852111754061,-0.524043960367901,-0.581747720430992
"16",1981,"Fall",-1.8440064861367,-0.0398442484451351,-1.63774083281706,0.162514321474963,30.249012345679,0.0228407831483894,0.0189177602377105,0.416910230889391,-0.0611456657260143,0.0530109775154302,0.0141249300412047,0.0311320158436477,0.284709789194619,0.460889182646443,0.305906084383781,0.683843817351884,-0.0815906631299778,-0.775536886155277,0.100198364104728,-0.546600663080812,-0.746565512917799,-0.202513588867064,-0.072396947505121,0.243247027071727,0.695676261545588,-0.341279211529936,0.244850087085226,-0.12080959749929,0.226414835668595,-0.284163642883364,0.511298741414917
"17",1981,"Spring",0.11513203634053,0.331089657033622,0.0616228212665456,0.272235554847222,31.5416049382716,-0.0646677373080841,-0.349180421015502,-0.0291558027116155,-0.647119155553201,-0.417213263596853,-0.0474573383349562,-0.815381626552898,-0.107225081295182,-0.601872393731198,0.53920789112569,0.193017047028836,-0.153193013437714,-1.16062614415815,-0.101567130674275,0.811082951601402,-0.0496768343281978,-0.0314453902662562,-0.128070746138657,-0.409542828770558,-0.413594039260812,0.0728124575146773,-0.20658799369573,-0.834202318742321,-0.425812889335176,-0.600789137289073,-0.157775852777081
"18",1981,"Summer",1.9476687423922,0.728969603155307,0.0555540578807394,0.448717136301982,52.7258208955224,0.256393695989583,-0.050613386431811,0.0416204607241627,0.163052529943964,-0.132320749876108,-0.180550619310276,0.0782093568533694,-0.201413492897322,0.0329670045098978,1.36921433070485,0.037187432826299,-0.51262382211468,-0.615756397532712,-0.323156829553429,-0.552140107911537,0.359614624871859,0.104309010677376,0.264204581846141,-0.0546965356387154,-0.386549766492659,0.271593051733605,-0.271600868553193,-0.509912090366087,-0.0175421777739358,-0.519489981228781,0.237831625300723
"19",1981,"Winter",-2.58498322436371,-0.152898524049903,-1.72904561378752,0.320161307982181,9.9655,-0.371313217545819,-0.0874390627784322,-0.134747460019862,-0.88680030961483,-0.778956437348134,-0.0151034865527207,-0.193892969720769,-0.584059884117882,1.00627014905163,-0.0737739107352849,0.7470011472162,-0.180953182501346,-0.829121986416662,-0.140202149338932,-0.0486298403129563,-0.378679448016645,0.136840286079688,-0.119029440061234,-0.0318280526907728,-0.0793901769958615,0.21557937066037,0.149088104113182,-0.186523406089768,0.0268586839149548,0.0499654349985224,0.51287005730373
"20",1982,"Fall",-1.39666179543688,0.252296001435081,-1.39100937789286,0.190281920163538,28.6833333333333,-0.477891980172476,0.383979694202682,0.865875568546026,0.692869128141496,0.107279212143903,-0.151010527746014,-0.331290569961855,-0.301595068646279,0.468524481044472,0.207578018759743,0.342540610298189,-0.0983108754639533,-0.584583262910772,-0.0696949272312476,-0.793334599786409,-0.471219055691085,-0.18565572015658,0.0556553290030106,0.00187860810422172,0.221438662450609,-0.388663662557538,-0.615887979568699,-0.609414567362944,0.0725981316145498,-0.472984018035557,1.19655870837095
"21",1982,"Spring",-0.952362911219531,-0.226733443230485,-1.10115357236255,-0.334174343753498,24.5131818181818,0.742218083212442,-0.420487041795235,-0.0923267436939804,-1.03502431778256,-0.426965874378238,-0.501438385011407,-0.0910951642713952,-0.187891549567524,0.977999215640462,0.91917573641075,0.150072779042848,-0.147562099503345,-0.456984519781003,-0.0904373422052464,1.04715528615495,0.0801713774296986,-0.144460112356241,-0.326637004127694,-0.670011964413216,-0.694599395363456,-0.0052682114088102,-0.235868040581371,-0.900365643292694,-0.663886658384307,-0.0194908218227086,0.886352501655551
"22",1982,"Summer",-1.49556702633677,0.219550335844158,-0.964543378293515,0.085626207290632,33.3076923076923,0.542280527917935,-0.354929880394763,0.0313663556854337,-1.01173691410024,-0.870342111357652,-0.230724530790002,-0.228395046762564,-0.206423277242835,0.906338572169847,1.10749296657416,0.588713958010065,-0.36172924823393,0.207818516427031,-0.0756438941871961,0.782214441745444,0.245289740631808,-0.0701078383346816,-0.00716138985454653,-0.579644822305579,-0.450975669641645,0.0784810660451115,-0.0721763632641376,-1.06684137978619,-0.536495016599423,-0.375345252963166,0.974229139997857
"23",1982,"Winter",-0.30539072262991,0.325558253931816,0.324440015417534,0.646058581014649,14.3883333333333,0.030859304141853,0.833404204454515,0.827262318211419,0.95661801518101,-0.210994623809812,-0.253623173279542,-1.04880858995321,-0.993578272619903,0.764411563269131,0.358475606808693,1.41808312433599,-0.183576129581222,0.139565938584984,0.668880589846142,-0.580811250363288,0.836075075105121,-1.03008330591006,-0.312046470035572,0.743576782377603,-0.102674215790082,0.233761177686218,-0.449999142681976,-0.297490516998365,0.818942344331206,-0.663687825724201,0.753637064227319
"24",1983,"Fall",NA,NA,NA,NA,38.9223255813953,-0.201246758900693,-0.48209738117684,0.187761290887994,0.397124760965988,-0.010384089491802,-0.30552737339845,-0.637661836798785,-0.623216325083754,0.00426767613458662,0.391818258203592,-0.677470890569924,-0.467811121271356,-1.11921575444479,-0.314468118718945,-1.51506058451987,-0.458626947047954,-0.602037277524501,-0.124885407021948,-0.179112886104324,-0.405284057951598,-0.534413078798447,-1.03121947571824,-0.685371417210833,-0.0541961834586124,-0.428585035804247,0.801355607686226
"25",1983,"Spring",0.927660965311749,0.186635533843314,0.412248540867635,-0.022570125668517,86.3764864864865,-0.385210917115018,-0.144882674286741,-0.0799896020147246,-0.465214768780443,-0.0154811394758834,-0.329576673900931,-0.408384974355749,-0.299677771350961,-0.558035846639913,0.00266788013592423,-0.444777580451663,-0.136006870326077,-0.362234193336238,-0.267574089636622,-0.880989084516192,-0.04950801152893,-0.271844125518226,0.435897769500756,-0.312338611265155,-0.233588687850704,0.0229649036151897,-0.334408276813106,-1.03123320638768,-0.290959417772771,-0.853451894041134,0.123219612080302
"26",1983,"Summer",-0.271733866262125,-0.293095528120274,-0.8167182802312,-0.263346676405801,31.4894520547945,-0.388233300132969,0.0518939553561505,-0.112236267249236,-0.441107713722795,-0.211414319244487,-0.31852892029949,-1.37609031290064,-0.71711705887699,0.0187174965403357,1.17068651810349,-0.00689002471245544,-0.163482962335324,-0.699288886329627,-0.507447374557555,-0.732602974674845,-0.421314462701086,0.00166284356338819,-0.0568818379294161,0.0477311044484678,-0.36801627488182,0.385233058981406,-0.632610148981148,-1.15422178532898,0.144820683640076,-0.521030638128109,0.647955543298169
"27",1983,"Winter",-0.305397736993796,0.0236834025614758,0.307725485990733,0.21074150967155,11.8480701754386,-0.289293093209949,0.119143181503327,-0.168465423459762,-0.0118449736986214,-0.308331582099695,-0.0571485519030969,-0.615292377808068,-0.349167844448631,-0.675543784395799,-0.548940444769338,-0.260562053231391,-0.112251731580675,-0.951665033851236,0.10659783574399,-1.36161107082779,-0.433338519439573,-0.628585403144709,0.0747983126320235,0.0316373563486037,0.352750908279585,0.0668844338717751,-0.634424666625555,-0.24562080648321,0.108053914947304,-0.762806755445229,0.0878334496081289
"28",1984,"Fall",-1.19050076276539,-0.004873657113088,-0.206030898614186,0.215916457887551,33.8558333333333,0.0229857077335248,0.287573369716562,-0.158449196835231,-0.766643062408874,0.0139784076640671,-0.297199863015796,-0.053615111468975,-0.144837031422237,-0.646206511933994,-0.232825190120557,-0.542735084747494,-0.38948050584964,-1.44183173278611,-0.618482007807021,-1.64021654340425,-0.85325510678394,-0.0293474748038675,-0.435939716730502,-0.592094921924625,-0.401392058993896,-0.803131153533791,-0.760910120352661,-0.607209748257543,-0.514819343645165,-0.281286225209421,-0.168888828102302
"29",1984,"Spring",NA,NA,NA,NA,41.5202857142857,-0.746761367605982,-0.569000910771351,-0.338397335327696,-0.713855718885019,-0.234776811678105,-1.48218560813427,-1.84672170890047,-0.231804657812276,-1.31896850161646,-0.0588512669883109,-0.956089912589084,-0.0777322392696612,-1.6541842358906,-0.257548452042747,-1.04049818058846,-0.097667018049885,0.239382167773993,-0.0246329664047282,-0.746700228066411,-0.436906227384217,0.449248847500342,-0.339385279126811,-0.923015138315352,-0.730622131570285,-0.834992234545472,-0.49188296254448
"30",1984,"Summer",-0.705821434184312,-0.145738374754463,-0.602913411408388,-0.0983744114509167,49.9274528301887,-0.312212054313926,0.13284647258082,-0.237785200579559,-0.795351712423399,0.438324019861801,0.08263739296191,-0.430345440191121,0.509999007743839,-0.994015239964676,0.606380469213181,-0.633459357265018,-0.212535621506622,-0.837596361599865,-0.0931218103177678,-1.43737261368614,-0.243570058994438,0.27803584159593,0.215938746186229,0.0676187303724669,-0.403926285312557,-1.17927152461576,-0.541144303936278,-0.898237994559207,0.153438606505008,-0.459581214296295,-0.33778456855972
"31",1984,"Winter",-0.0153362937174064,-0.272216555910196,-0.172597225528721,-0.287939167624284,12.5078048780488,-0.197100823288546,0.176357054433553,-0.335862036484412,-0.296678061641086,0.0691752762204042,-0.146277384194372,-0.910874403034363,0.12712831549787,-0.848208330513044,-0.029290061445819,-0.597528426897822,-0.0171073821390806,-1.35221874777596,0.192777639042606,-1.06917428047513,-0.188730020762874,-0.147311548181706,0.0340764717400905,-0.210107924567767,0.0953063793778001,-0.164333119648364,-0.506661722446148,-0.324582617318717,-0.189805548576545,-0.787736934172958,-0.0857824230786789
"32",1985,"Fall",-0.544932350071368,0.421885815353246,-0.175073526732714,0.379051445172333,31.7863917525773,0.0611153128515002,-0.00545936585071561,-0.131244186911201,-1.06336936000328,-0.342059165997415,-0.293386904033097,0.153680528369453,0.0381879922152095,-0.312367091246789,0.647732620817716,-0.643357487466895,-0.413463735105674,-1.13363902499838,-0.417709706502254,-1.55573084290171,-0.344220390049312,0.424612183431599,-0.237610126728035,0.135429776048662,-0.383271385069874,-0.288704178938855,-0.612823396424706,-0.769883326015138,0.217158561785165,-0.482992997139657,0.531175026241168
"33",1985,"Spring",0.948327068709339,0.480930997583562,0.616236100187716,0.459219180415827,116.077868852459,-0.413670403900772,-0.251585860644186,-0.606025651675409,-1.34465347896567,0.119502384803109,0.574175034623353,-1.65917174938974,-0.313695603499681,-0.674199247472409,0.00505020493268468,-1.06544416108821,-0.0687024203028948,-0.955712356635803,-0.398523004169591,-0.671494650183227,0.0389398655011747,-0.0673785713441476,0.154065920811691,-0.413882551322019,0.290120482394914,-0.569672722083592,-0.0906047323568613,-0.900745970249225,-0.397336326331739,-0.799303270310741,-0.112441266886621
"34",1985,"Summer",-1.17854592298041,0.322736248835822,-0.112000386008316,0.266794033250072,46.245,-0.363399994476939,-0.125793331883533,-0.00806517678601531,-0.872165466395356,0.129931584073293,-0.258409816765589,-1.13008255136274,0.360468476168524,-0.418048372349712,0.476917305567854,-0.650929362455008,-0.635469714220958,-1.15838768012968,-0.546816646233405,-1.34942425286228,-0.417665081763971,-0.00565385928459888,0.234835217138614,-0.0228199249250778,-0.0499601614787819,-0.0594035940784614,-0.678803339866368,-0.567915321003497,0.0106879332758291,-0.574409263921409,0.455836597629273
"35",1985,"Winter",0.847629940729925,0.16965736999274,1.24682277932225,0.361167311338077,15.2691666666667,0.0853310666084832,-0.182879020156488,-0.21095119130003,-0.856976297301989,0.371715616979871,-0.314493643600874,-1.51126702445489,0.630323582708067,-0.958812841042961,0.368835825487645,-0.414100303055714,-0.0549079074919481,-1.15517212789742,0.267750276178608,-0.57273886093086,0.0602151111034523,-0.0513202659855413,0.0506012516378573,-0.0854285223491087,-0.148638776050327,-1.24033028175804,-0.310326063567153,-0.321785179615795,-0.0118357349452973,-0.833356788372931,-0.113676913498404
"36",1986,"Fall",-1.5737816876175,0.203559583810322,-0.55067303615444,0.222675614664635,25.1264444444444,-0.640470477294931,0.00257175790375111,0.326376424742925,0.165677184233482,0.0144474523397969,0.455393298711802,-0.106624323126724,-0.170220088918287,-0.303261329585565,0.370933200360875,-0.792185129251152,-0.168366120334637,-0.680459913960981,-0.0508783274756869,-0.599124414930146,-0.845254635890719,0.398778112539769,-0.182220737681765,-0.229434986171407,-0.0441649059535074,-0.135257885849505,-0.786227973884453,0.382870445861448,-0.339057927316476,-0.27973791955277,-0.0968989784082891
"37",1986,"Spring",0.66206450690124,0.22881319974038,0.85008329426021,0.276806998598359,55.9652631578947,0.0257286202752155,-0.297819736826139,-0.50478883017783,-1.17247932928023,0.597749114671579,-0.289492322740791,-1.44792231753913,-0.152106443938783,0.167619523874216,0.0664775669024055,-1.36636294392934,-0.137900179144926,-1.3400530891709,-0.24432376577834,-0.784533990295299,0.0415752775145787,-0.133414101023311,0.221307163501131,-0.386374504771845,0.132813052361162,-0.299493544851818,-0.296587290941545,-0.295211997486259,-0.429280468358996,-0.800161580905814,0.94042572569065
"38",1986,"Summer",0.000568679563512152,0.647360820150483,-0.371191589755783,0.330467537258797,39.0171717171717,-0.218596927727932,-0.284195967663869,0.0916530295966616,-0.233795700108259,0.57291155360553,-0.404951180293281,0.0410889662626102,0.310274831872438,-0.759237529643351,0.597089715651074,-0.648784247742671,-0.288586463635369,-0.428312956300059,-0.704494743365922,-0.608757797900267,-0.251972300212432,-0.0484489601439878,-0.15953360947276,-0.245448787866763,-0.563411392330266,0.37628436197711,-0.586077864897471,-0.780406335149326,-0.212006006413805,-0.541373959301788,-0.00410441389735467
"39",1986,"Winter",0.350472638472297,0.275206564860746,0.23435646737023,0.173193683668784,13.02,-0.0528434086361646,-0.450101149279647,-0.410447979079553,-1.17855523493153,0.33204544168667,-0.371542179619344,-1.7204505599731,0.247158564758312,-0.0561412385918073,-0.513991393224458,-0.920661987252766,-0.173942253540309,-1.36611619250384,-0.149284352888401,-0.827124591097182,0.0632331665496944,0.321530735342016,0.121871163077043,-0.347393820241568,0.0291379513989796,0.0480942702871754,-0.529638410558794,-0.316037474917095,-0.330298491837033,-0.804844586704152,0.506420580566681
"40",1987,"Fall",-1.86534145905739,-0.264827157444654,-2.54995781773504,-0.0783674701973242,38.7496341463415,-0.266122399367753,0.664529925395186,0.315608684936101,-0.522725912174147,-0.191637172019209,0.0330504998308166,-0.588966251293169,-0.103507449120374,-0.548082168852406,0.19675570855332,-0.148888971817966,-0.620817995733071,-0.712344084615969,0.0355980683764741,0.145661142971522,-0.565796545783013,0.190256009241076,-0.487775786980274,-0.459190088039966,-0.523640515789043,-0.281398495096422,-0.96924799892802,-0.562643235759272,-0.396971139722601,0.0015147597893329,-0.143563663301129
"41",1987,"Spring",0.35599583563802,0.214198235097952,0.72277415984075,0.381077292401933,50.7377049180328,-0.454344881497832,0.0457263033874443,-0.524877406999515,-0.140447110199391,-0.30869298152693,-0.190800301056066,-0.473109933722631,0.120731398541581,-0.391704145954576,0.0348619241104013,-0.0385701252129817,-0.0218215473869788,-0.761733195747146,-0.67320606326829,-0.804081816826184,0.108460391420586,0.156699240623448,-0.0932450796530537,0.454501514008183,0.101978629116258,-0.168189252777976,0.173129429388067,-0.0666919792735303,0.489462926199046,-0.274897066966676,-0.0423427363158873
"42",1987,"Summer",-1.39125514865209,-0.0597671453747461,-1.08708211924555,-0.339353785881288,56.2593406593407,-1.10309521751039,0.423324296149657,-0.32710313271727,-0.275506066237729,-0.650766455601685,-0.0500129868080826,-0.65341860924281,-0.481067639334879,-0.476868694118862,0.53256358828047,-0.521915211779343,-0.0126105454463169,-0.659798736789342,-0.636408374355366,-0.082565189282653,-0.228429450921661,0.231266202838086,-0.304758375332555,0.217196483935596,-0.180171967116478,0.0651790438184341,-0.155193929368686,-0.0890764151771626,0.282834830096611,-0.182061925847565,-0.0966106832227324
"43",1987,"Winter",-2.74129994989357,0.0570188338709377,-2.28828306109389,0.0559841336385567,24.7061904761905,-1.15035086632665,0.468502044167768,-0.151956521067249,-1.16782020833276,-0.769615711581794,0.0579372380798224,0.204682701554346,-0.643196654497919,-1.14380565001947,-0.195682916369472,-0.468706409472161,-0.181504564379443,-0.458231882756903,0.537488257021848,-0.61326109924097,-0.428370602826446,-0.323082440956318,-0.291171994244644,-0.513353651750647,0.185986107687371,-0.056974948076413,-0.308123872983966,-0.0129019628494783,-0.436412911498906,-0.684837331134668,-0.400831782907644
"44",1988,"Fall",-2.85856185395502,-0.207077413558413,-1.47059984456899,-0.376605138555099,49.9314814814815,0.216972786114786,0.574987333166196,0.786795998643738,-0.711352169479489,0.240144606146387,-0.275319591485851,-1.46126881161005,0.0391962596576356,-1.0168955442127,0.714167350932039,-0.243167977153402,-0.2415949287513,-1.03439312000527,-0.236298668806571,-0.644379803950096,-0.609052852773634,-0.133241256732498,-0.297015947578629,-0.149103779700058,-0.433172623274335,-0.431863552498301,-0.920554597288232,-0.545388978588537,-0.228137698700348,-0.440775530713355,-0.190184282220638
"45",1988,"Spring",NA,NA,NA,NA,38.0583333333333,-0.541951233105125,-0.45317374157153,-0.353021975856548,-0.251891511088957,-0.164427831039252,-0.887710850517928,-0.382067773211424,-0.194854070641222,-0.540466324306858,0.540286149342828,-0.915084129658845,0.188428882306145,-0.973018411321208,0.3375995401758,-0.948559787980297,0.0548998465779539,-0.210149422599276,-0.111104425554696,-0.369865476904863,-0.451314333648592,0.255382693361229,-0.00263155157075078,0.809833795583016,-0.360444087906808,-0.384163900728069,-0.0796222168261124
"46",1988,"Summer",NA,NA,NA,NA,57.0019512195122,-0.93876569466356,0.434587171111544,0.00624695122993061,-0.899583242391842,-0.55276159178224,-0.0362151028712911,-0.621406014265873,-0.312875977258145,-0.606245798596902,0.981388932236805,-0.624629453065907,-0.475010906545812,-0.812238537337881,-0.375447475693246,-0.353348070303969,-0.261611503813414,0.178261812984598,-0.728750115730311,-0.630614668249737,-0.395988242790868,0.156157444266708,-0.404010006725448,-0.49175227934464,-0.822436484834349,-0.024389840185036,-0.277036900037928
"47",1988,"Winter",-2.46240035325301,0.00709882818507399,-2.36800381286802,-0.178206634983249,31.7641975308642,0.245706077203319,0.414925745111394,0.742548402044538,0.0837702857098092,0.318602228834379,-0.125176408713974,-0.999633977169079,-0.269093721311797,-1.08964364961267,-0.211574121255407,-0.464721971456445,0.0839810393370757,-1.19984989844492,-0.139667865273401,-0.906343763273209,-0.222182708735386,0.322788811580992,-0.430312040070083,-0.861082774471775,-0.322038395663728,0.0582485611211792,-0.47153473985706,-0.23080812774168,-0.870857566461326,-0.342614202068329,-0.576039470184056
"48",1989,"Fall",-1.75760302038983,-0.19742837403798,-1.05958199142194,-0.422010854252265,56.0110769230769,0.487563724913678,-0.246281062239493,1.17538701793311,-0.502793824970654,0.845377148765202,-0.0982482225060944,-0.476760866870933,0.399235507531378,0.125453362304037,0.635536357533838,-0.423930424150458,-0.0555401353494084,-0.571444393355569,-0.399416905382968,-1.58326428089567,-0.98588370210502,-0.767271100158232,-0.135408949065849,0.0726478199703131,0.128939574149762,-0.262507376626798,-0.504168539833931,-0.090374198445938,0.1218178092369,0.302404863973238,0.172385812863162
"49",1989,"Spring",NA,NA,NA,NA,45.4527272727273,-0.88202704024732,0.0473414045536501,-0.211951544483718,-0.875472340314284,-0.879245194675935,-1.17344300728068,0.0565302279927125,-0.444102266097856,0.487405817692922,-0.345427261931617,-0.561779990191186,-0.0484595897840377,-0.578551138885614,0.422693679715864,0.205958526893883,0.0985823927597555,-0.325958216175537,-0.424725446948691,-0.139394474405503,-1.0186872156205,-0.269112565101513,-0.0718435638373477,0.273155210786065,-0.117130526538357,0.668935631973138,0.0839795908601688
"50",1989,"Winter",-1.65306334991534,0.044685991358699,-1.88688269092466,-0.0971686716412454,32.0005084745763,0.42048311102742,-0.205414463999858,0.463308617845103,-0.172716625936095,0.221159471988952,-0.214884912090948,-1.20328933050045,0.226382789770895,-0.702294735808674,-0.19763672802675,-0.590145027328857,-0.0399283240586366,-1.13024389422889,-0.570677765248932,-0.778050196062223,-0.274730188935354,-0.00500061987183853,-0.229392435354955,-0.289380213002452,-0.0769828723173137,-0.0713558698402462,-0.379331071173466,0.00688402418260889,-0.273761191349267,-0.112928829933979,-0.441076799684893
"51",1990,"Fall",-1.17610185157124,0.145742394401591,-0.111011827120404,-0.049717859503325,34.8232592592593,0.482331804509418,-0.838594114312054,0.708203502368124,0.164334924795143,0.559554447198581,-0.292493892200101,-0.486221643419119,0.104217401307859,-0.321798466857671,0.548944405907871,0.150721859354544,0.0836596264358128,0.677880043301594,-0.438672498582028,-0.474385286715853,-0.366282381654318,-0.0049638462455264,-0.294965202097995,-0.621423843157348,-0.273873240181231,0.0673164388464898,-0.39551931914161,-0.423866780965587,-0.547841010245045,-0.401642698996874,0.343909441875105
"52",1990,"Spring",-0.145910035550666,0.243943642860908,-0.620132318986854,-0.0254118763105458,98.4,0.231581993125999,-0.355400872037755,0.138443117769312,-0.618025220001662,0.003348360105029,-0.87967113084504,0.175289650762856,-0.424565632824829,-1.0039590624069,0.753942313711037,-0.518190855234083,0.0674313209052762,0.0138895109739056,-0.57720654351816,-0.291464947557713,-0.0953784020348613,-0.611365794967187,-0.409905579443798,-0.393988691921998,-0.440544119149406,0.490237045604229,-0.27679589242437,0.584627115942898,-0.362157779987204,-0.657444453803449,-0.287037782469247
"53",1990,"Winter",-1.8271459825741,0.293682631912902,-1.84518396468665,0.165855633380167,25.7424590163934,0.110399625844049,0.00564019803104835,0.639626625222801,0.0596635207249253,0.233422442196785,-0.163353228361982,-0.745538472033133,0.0342280658028524,0.106296400497837,0.096546695096693,0.649039040705489,0.30131105164836,0.623102222157283,-0.227217384950457,-0.308370718937853,-0.597119176798294,0.450151316538013,-0.251835519012055,-0.388832988006156,-0.107378548920389,0.0442821301398882,-0.0259528992079076,-0.233426590100739,-0.354364632687939,-0.483430721394545,0.723658396857654
"54",1991,"Fall",-2.07699043326167,-0.295531903522277,-1.283482200695,-0.428218635703717,47.4390839694656,0.183820505319552,0.185068696977673,0.613132234303122,-0.00135623645885812,0.0947045104227686,-0.239854892097477,-0.662541679486218,0.110279279808682,-0.0661812748596806,-0.867171418029936,0.318363646878037,-0.303186100330689,0.420210369294497,0.211339282932702,0.171751914655904,-1.00767542341162,-0.610464471668786,-0.500457705978785,-0.591769990710057,0.0688588195458634,-0.031765660884919,0.239192899907585,-0.365061317838552,-0.588088057072491,0.168793232200094,0.0016635141068304
"55",1991,"Spring",0.426394892910035,0.117761064213898,0.00946628676983587,-0.0562534848585813,23.8125675675676,1.10166224990832,-0.719207075164359,0.515911020794589,0.514361378094475,1.6080833602454,-0.305858893366018,-0.0343877819167829,0.537984245087547,0.136189231261811,0.618471919610152,0.146570344051939,0.827821471904715,0.0478445805108498,0.300822262530337,0.373321630006496,-0.123670547292398,0.0557390297107675,-0.114358923105223,-0.43718627021186,-0.342445741327069,0.23999200902857,-0.403892522242201,0.207061922517647,-0.373158450248462,-0.084820045587075,-0.0409828384830657
"56",1991,"Summer",NA,NA,NA,NA,42.1285714285714,0.845161476717017,0.265339813655941,0.344209409455809,-0.0698444606088195,-0.876933894949286,0.145389094459354,0.431643667947873,-0.218219766529121,0.755479017150713,-0.739830176218083,0.9452712507643,0.00203957936328374,1.48975449004439,0.361966953110765,0.304021422211411,0.0283535159029538,0.0537639790875081,-0.647419167286305,-0.540848294369348,-0.00890022604000722,-1.07525136280471,0.399772316835386,-0.0172838904342187,-0.557807990155307,0.677529329065144,0.221430357576661
"57",1991,"Winter",-0.406188403846678,-0.0327931066991635,-0.331710594741985,-0.106425883728372,20.9011602209945,0.30462447628848,-0.494791020280856,0.284991056433743,-0.251946152277927,0.148060877395944,-0.241482908366878,-0.360923615740218,-0.0643222957491813,0.401926959511136,-0.0213876974961707,0.162083577185139,0.210960160382986,0.719028824860933,-0.281706754706498,-0.0174209660048132,-0.439487345413658,-0.293295976295727,-0.404456439358176,-0.442963954915883,-0.316722006384449,0.000871250222101195,-0.181638754891384,-0.235277239910779,-0.429797540504199,0.151012651140194,0.465589788930858
"58",1992,"Fall",-2.5001245410594,-0.389742281215398,-1.18474256350093,-0.52502510791181,41.01744,-0.0218463153099785,0.565160672593105,0.697401962170466,0.0130416775581454,-0.0196071212103016,-0.197035347597925,-1.08356192855073,0.0795783439056827,-0.0697075185463576,-0.53083736186993,0.461023511667962,-0.142038273906852,0.185662859616596,0.547256936968885,0.868899875629166,-0.123717633890854,-0.545610669404796,-0.195859203308229,-0.626806695197804,-0.219124033581076,0.141902647475136,-0.800000174054895,0.324841841102504,-0.611609653833626,0.191213180932131,-0.0939827248017209
"59",1992,"Spring",-0.909598322201165,-0.182561913803279,-1.22952408036926,-0.34071825048573,40.3713043478261,0.819554327631985,-0.470118639821806,0.275364271090609,0.673381527681617,-0.125106158997768,-0.325243659288726,1.04776850723375,0.447221440458192,1.7517478814378,0.435844510520386,0.896210531826602,0.0896575148046445,1.16476888020359,-0.417035369121927,0.0458158659858141,-0.0620348835998139,0.203481172964273,0.00463062140736166,-0.089051929765896,-0.170494697903663,0.213880167717627,0.186318798846475,0.441551575818238,-0.0278635531692864,0.734770718563561,1.16832944103849
"60",1992,"Summer",NA,NA,NA,NA,48.992619047619,0.289524858921711,0.107653507127933,0.418350045968181,0.548847852564616,-0.722747606219975,0.484727873130811,0.344277923804921,-0.518534056660132,1.05368033625837,-0.523690956048052,1.53887221434149,-0.221047298119463,1.38421938375067,0.285084793719624,1.03605148304032,0.169871428597136,-0.0437902155203135,-0.376484407285641,0.0436913422593598,0.305323004780118,-0.857759735687576,0.234162619485555,0.0107275120855634,0.100965310961557,1.19001056038866,0.296524773595231
"61",1992,"Winter",-1.16081767961197,-0.236544872987399,-1.22590881173155,-0.318958055299961,31.0677844311377,0.167670833919927,0.0182793882586725,0.399009671943021,0.442108981663823,-0.49818247633561,0.21757947356898,1.03675299994651,0.110428219297479,1.20260177834202,0.0447238882060281,0.576288107544791,-0.0213102790753969,1.02619386209939,-0.0837076189243229,0.160962578367154,-0.36938115508283,-0.184504773869631,-0.255462605897617,-0.197317935499686,0.108776668604286,0.182180446719236,0.260671490478503,0.00110747572629606,-0.189707967931762,0.758057195689398,0.428500892199505
"62",1993,"Fall",-1.83330769363066,-0.31498133025945,-0.927810202023937,-0.394026446313681,43.5475,0.388161354225885,-0.0619668062227666,0.598849160490357,1.29568543687969,0.537582608570752,-0.237974929937594,-0.629239542784381,0.271567183005317,0.511473902895542,-0.693600449444422,0.85255262370107,-0.267785591384381,0.664629432136514,0.216539426353271,0.723071135831813,-0.69547759100144,-0.582781759414894,-0.175280039532548,-0.779646387816257,-0.138668944466886,0.238103101044721,-0.341958337101077,0.212417721366108,-0.707550333014279,0.320782795113865,0.201708894037752
"63",1993,"Spring",-0.391078304016778,0.00389845848622826,-0.345799743350125,-0.0526835021873194,42.34,0.429186453687997,-0.102156371623598,-0.00999746713810545,0.665985326203344,-0.00299459373901345,-0.26099992305378,0.40529261468159,-0.3867786448551,0.254950617908404,0.308606049972701,1.10753525575629,-0.0396893340535726,0.526582617879888,0.45416807698863,0.509871297409425,0.243280154817178,0.0585983820791667,-0.0904495055838414,0.2641983632228,-0.100855545896945,-0.500598163663852,0.376517920914919,-0.127320123061019,0.283341367886725,0.417835067247649,-0.0203657121938381
"64",1993,"Summer",NA,NA,NA,NA,70.8207142857143,0.590579221585957,0.287836625965897,0.229442556185317,0.575592177305247,-0.257558893299788,0.542121067141429,1.77778404622326,0.23279574044747,0.925851472447973,-0.0209255923194871,1.08861845648301,0.0471320751655623,1.43344481749372,0.276067444129794,-0.387584457514883,0.439420640523923,-0.489022935983103,-0.637739516167281,0.930522224889891,0.199183292300578,0.12383470800018,0.400361762990031,-0.29368092974434,0.95937290987062,0.840504413947755,0.380386388747817
"65",1993,"Winter",-0.82387993951692,-0.245245252918872,-0.700584586145044,-0.264721012442786,30.0283977900552,0.236596775149969,-0.391872550206993,0.4233322396616,0.788690216695402,-0.122846464239369,-0.0186773834400719,0.524959224862193,-0.0391311802008848,0.640219898555129,0.519232139418484,0.27844007665022,-0.0694546430153339,0.847270647305315,0.472263275735306,0.498612831948389,-0.242170641668248,-0.676982933100879,-0.315315881951423,-0.0600519512362384,0.106595712083186,0.0161690150887652,0.193792166079278,0.451357372061903,-0.046386993124166,-0.190326669447395,0.943307108169746
"66",1994,"Fall",-1.44552405724235,0.165471682430151,0.124247834437668,0.247248701998206,50.2658139534884,0.531161020462607,0.0745920177723434,-0.893759967244956,-0.114655823031731,-0.00533537407531966,-0.247511830852373,-0.46283155241177,0.571145442557864,0.863124755605383,-0.257524588959715,0.306246128516327,-0.471630067546305,0.383730158813181,0.327360008112114,0.369211844156548,-0.12319583188855,0.291774431649293,0.0815158437660337,0.0685330977742125,0.446953251041459,-0.116590830122153,-0.174305689513794,-0.0801776807415418,0.0338584937015585,0.0529148129036123,1.31549528926727
"67",1994,"Spring",-0.0850610973868232,0.053228694939355,0.601945041477751,0.278937666565447,43.7667692307692,-0.00613280333095315,-0.146584516352885,0.233914151315441,0.384593641105462,-0.0260319905556159,-0.230931592440906,0.453574990268067,-0.316119385088095,0.827111286855495,-0.318052434067003,0.304157175869295,-0.0169155766242017,0.0836149005452128,0.21155643398651,-0.30507122580274,0.177989612470082,-0.328268788098289,-0.0713116144222125,0.12696831291112,-0.625043692381419,-0.376411573801947,0.0821876486618584,0.891006892183287,0.114976446903562,0.260643745371388,1.0088255157427
"68",1994,"Summer",NA,NA,NA,NA,61.1264285714286,0.344712905012819,0.320070435806148,-0.0704648568955055,0.0861261084660924,-0.0741921146259924,-0.824984064456396,0.214949280356054,0.670160815340521,0.930098013435299,0.383900043834462,0.587639404591283,0.114743282214795,0.731585015919727,0.264851375849761,-0.303017534134645,0.586966399809867,-0.110978414260619,0.431375112709783,0.700273656447782,0.528502375803513,-0.355627857290882,-0.54099847816627,0.485150384740289,0.619572488953485,-1.02317396736165,1.71043018914309
"69",1994,"Winter",-0.336355022137921,-0.307727066268801,-0.561060982920414,-0.387729593847514,18.03,0.796552949094229,-0.501052003070156,0.663090783960979,1.81745833208475,0.858240349301131,-0.260970644710557,-0.722863775250098,0.814128114633145,1.16155364729906,-0.179693333230578,0.452298493945342,-0.131670805128799,1.16793310253185,0.277739924971724,0.869551423256553,-0.106387359277192,0.0791415972571533,-0.301250031127228,-0.174191721752544,-0.240843558110369,-0.348920381372768,-0.281651629458627,-0.290251726274642,-0.142316087075972,0.346197918343974,0.913128175917021
"70",1995,"Fall",0.278012450008934,0.403097131858726,1.72647929902237,0.178264779364625,26.8758536585366,0.225360652705355,-0.621234419418609,-1.07094506717016,0.227569923061488,0.340542996432743,-0.291568285744047,0.419781390567738,-0.214480635618886,-0.0965937015257408,-0.826691359060467,-0.060243757531006,-0.0840693254172611,-0.0633179123544574,0.167082384135951,0.242975405711507,0.516353355835073,-0.577042063077246,0.495537409798794,0.481622331235345,0.224099198975111,-0.935113210923267,0.377161821290551,0.179229214737909,0.483023356662951,0.387479321424103,0.108266099059649
"71",1995,"Spring",-0.0357339852530245,0.166456697214472,0.475915659358564,0.241742357759848,44.9758490566038,0.865530253735713,0.102148006015036,-0.0350124518454295,0.984496955360008,0.783004928737282,0.258512377299592,1.01436018450067,-0.00945562114633918,0.656910742643155,-0.0744631330987185,0.716675775036969,-0.0782532821435178,0.614252890959244,0.0344891393479244,0.463983243619332,0.0697308510858863,0.251381020980612,0.368045027101407,0.234729741857203,0.0250614207047277,0.0286934415631692,0.468480207648688,0.227450478572932,0.271264761971142,0.523715355604444,0.414476564280616
"72",1995,"Summer",-0.0654135067594329,-0.0612753859049984,0.0777767274756576,-0.00619005135331846,40.812,0.503891720480626,0.325365088299798,-0.132595152188116,0.556490477575184,0.0827769054033082,-0.323440445225614,-0.53966106006394,-0.0656036595916053,0.0623378121894643,-0.70727414522718,0.335507876244174,-0.328249184649208,0.0539890819672769,0.225120100931697,0.939079439867609,-0.0830025268157202,-0.182993759310299,0.0205626498275269,0.32560811235791,0.134182401727903,-0.982148895717829,0.0200530439225968,-0.146440017154844,0.300719929623514,0.135374183528304,0.0532116445460104
"73",1995,"Winter",1.92216880765111,0.253045977888893,1.86927520297714,0.313682154313269,15.4030769230769,0.385784657387177,-0.416118527496865,-0.634340849080519,-0.282647346578006,0.181513254071227,-0.176849762048903,0.828314026746308,0.341011661626262,0.897860755956462,-0.590302596471826,0.506558206576967,-0.201046808364478,0.440151887189033,0.205353491838663,0.954871035191614,0.101542545121739,0.598549729234597,-0.084056222558655,0.0742373830238374,-0.391310680209835,0.0533938137695013,0.534168856451713,-0.322668709381256,0.0751903816126322,0.933003953496927,0.232532855011832
"74",1996,"Fall",-3.14033098557665,-0.814280748670692,-2.04453151197713,-0.726416899232757,41.7483333333333,0.494623190886045,-8.0940330518831e-05,0.923326099648142,1.44397543372667,0.949461293959036,-0.112320846897366,-0.359517681346458,0.530648085168719,0.78387544205396,-0.95426359891586,1.02368170869499,0.491134808328849,0.423900142191578,-0.498749284657714,0.0674006218021414,-1.01205599531129,-0.338085702098378,0.204162147393317,0.01147134454801,0.157504736165636,0.373814533454733,0.0146315097661273,0.531468862843024,0.067541121333091,0.3223128895234,0.518016666116092
"75",1996,"Spring",-1.04528600450259,-0.23351543473148,-0.746272681263407,-0.289115343087418,53.8934375,0.493614040035839,0.377974070729193,0.242352638160862,0.737263744796343,0.0717413791826971,0.126343219518878,0.703956906326491,-0.278719016875068,0.502366952708863,-0.118309530441732,0.752784701274327,-0.125381662667457,0.0120878915576562,-1.24209987681637,0.571064935848764,-0.0698192485086333,0.361519974424045,-0.14296116685249,0.640419844563095,-0.503464064458807,-0.287080760013645,0.126159464977427,0.23018391580817,0.649404628559481,0.375867551371529,0.37738267592883
"76",1996,"Summer",-1.44627723845027,-0.659067398896333,-2.29737690630494,-0.45239542289865,43.9656,0.499619849696513,0.46324447165736,0.565663695279096,1.09225935035276,-0.076461478887499,-0.202991207198969,0.527528004664265,-0.546747573291179,0.603476827366843,-0.62045316139503,1.44087051319931,0.862359058600426,0.404586313830265,-0.635512248830872,-0.0737850900589221,-0.528916031950816,-0.450591105855601,-0.285617297662026,0.385803996075797,-0.0525524143550424,0.21073055091958,0.436805097011225,0.119800640428598,0.343885462609802,0.646045310736219,0.448606100419061
"77",1997,"Fall",-0.92394627925756,-0.187692238181243,-0.545416504227138,-0.0732561965596039,48.3479365079365,0.457383940850516,-0.188173432098161,-0.305193376276861,0.874852181751295,0.370238826934462,-0.335815668858186,-0.613437096170884,0.149569710558715,0.112754111113593,-1.16895476446148,0.57178234754733,-0.279455384708659,0.735968604209499,-0.319284760584211,0.308660585380796,0.254611608864909,0.561220153302605,-0.56837361994078,0.0207920138420086,-0.371669256076428,-0.0188838386613057,0.129674162485437,-0.237076849054042,0.038741167864467,0.407830381630273,0.235139277085546
"78",1997,"Spring",-0.108332801395183,-0.444643776244927,-0.0536193554539355,-0.437639162395924,29.346511627907,0.672381843170565,0.107738690272301,0.21977176599821,0.997231423806198,0.167635743684982,-1.10389706391463,0.271227794478166,0.106424004917425,0.651455962835111,-0.336818454388761,0.339497494405926,0.411494976493237,-0.127881265570502,-0.449335342654234,1.16409420104461,-0.0576394958256771,-0.0365438082666203,-0.160571730820631,0.0745586022411538,-0.699519656883706,-0.0780188349602186,0.070050876245248,-0.513542997614848,0.0981337407703072,0.203140941440491,0.840005325421901
"79",1997,"Summer",-0.391058237231846,0.068591842103929,0.515171067027287,-0.241453206048807,51.7955384615385,0.643102229987052,0.0595935745321119,0.238070696205475,1.26301281941502,-0.00448073736994003,-0.30524026557133,0.0213265172678787,0.154385204540107,0.798192983529956,-0.221555670793828,0.417325740038991,0.581187118709493,0.808716702207558,0.340664184086536,0.795977453396832,0.698872961728604,-0.0892391409900069,0.0938008289317434,0.796357996193049,-0.0517855123519708,0.316480375257863,0.0254816519767079,0.995459573228749,0.762600425292455,0.218368296546936,0.808385197350187
"80",1997,"Winter",0.59089648038516,-0.457188923943836,0.29846847295131,-0.591090608488514,7.72,0.518244805553444,-0.0945485228680663,-0.557598172649594,-0.458403708460887,-1.28693584150086,-0.390455609418953,1.46610603851975,0.73573754603572,1.41464354989129,-0.540337248078337,0.923070821251959,-0.172337843292482,1.2543145485238,-0.949935562086531,1.63052641398847,-0.189977165996716,-0.613499057023817,0.675589757286878,-0.509841884491989,1.22854064013986,0.349317446763404,1.89167581871864,0.363712974487986,-0.420636441016021,1.48800633869515,0.956388572248994
"81",1998,"Fall",-2.2701266036033,-0.730112695684402,-0.960830592414071,-0.737627630600327,35.5017857142857,0.313344641265042,-0.473173865529152,0.622729588984421,1.36902970658297,0.754745736851028,-0.144832357306042,0.123157937744477,-0.253281750523676,0.583025817677991,-0.440460767402921,1.02937580515196,0.115736202947271,0.275099304389483,-0.2268619408313,-0.369901475361587,-1.00909147242386,-0.136351440185847,0.530022523253563,-0.620140664460029,-0.0308701260316457,0.780974817986132,0.316709659307515,-0.195008164832626,-0.548222036210155,0.103830479118099,0.860596377788906
"82",1998,"Spring",0.0885703101580918,-0.651449247869095,-0.189815100066365,-0.592994078364559,42.6701818181818,1.02296069664387,0.189399880075425,0.22479353777151,1.46227411403371,0.93497559888321,0.257178556858612,1.29919269767743,-0.139296367780916,0.543691426063761,-0.0801950915217314,0.840761342349241,-0.0293969671558708,0.601901349212244,-0.162982544080718,0.281272593060949,-0.0353895706349795,-0.160343846789441,0.394101321178012,0.501247907628259,-0.0480499788186877,-0.0101798057033486,0.833068440485252,1.00350562647259,0.535200196309363,0.478825142231157,0.327874833088893
"83",1998,"Summer",0.369938189051133,-0.572098032356825,-1.00748204736972,-0.383613291792051,56.9398113207547,1.31000999980357,0.0771902803444416,0.226926313283481,1.12075016440274,0.424327643813475,-0.414074192471304,0.260287581802927,-1.01456745734933,1.23432363408478,-0.216522560693099,1.35182293219419,0.83982464909323,1.10025498097186,-0.208514034969148,-0.149800225943939,0.108112549960321,-0.000723175238258575,0.293834671298301,0.667723205635146,-0.258873527485286,-0.040988520772333,1.13066536548397,0.067380218814062,0.7507699492349,0.885309830470241,0.725042344262806
"84",1998,"Winter",0.988896731937983,-0.155049093725279,0.511115601529262,-0.376245712672601,14.6133333333333,0.815603639617809,-0.0903631080078563,0.206595521915536,1.56099476984329,1.7348905537082,1.45455494727596,1.17948848224451,-0.201725623274885,0.958254323547324,-0.547511710009531,0.468408853098027,-0.174317630046847,1.25018046598516,-0.396854865404872,0.0510435165855283,-0.191792729839802,0.061319492829393,0.94804732416876,-0.503225726750445,-0.529775131877894,-0.564787620320793,0.162097079410028,0.348643698397177,-0.415062219868747,1.38926934075349,0.328933605325254
"85",1999,"Fall",-0.299477307972846,0.374623426197182,1.18401641055331,0.381743557508174,39.4639130434783,0.271109350453306,-0.689742687480149,-0.949177935298106,-0.816313297730182,0.132206620653389,-0.0737628790786025,-0.113129379101793,-0.0296955234616555,-0.140259172490258,0.56415480749736,0.128285874678843,-0.260003821543748,0.716268796770642,0.222695628766177,0.859111255799177,1.06622820243282,0.408260946803409,-0.377008973727611,0.318159652165341,-0.225533147980583,0.101484549751021,-0.187845093925062,-0.396307054517407,0.411026600475578,0.0351371471881117,0.245471953192739
"86",1999,"Spring",0.505855326253267,-0.226939219853991,0.453664089671483,-0.223002959382853,40.6564179104478,1.03182110842065,-0.236358694743281,0.200100099848313,1.47443579358683,0.581782010385839,-0.72851358516202,-0.828743277383512,-0.0650040940391013,0.509486288846538,0.143986845566409,1.31653911009535,0.0171923608767623,0.560198761760843,0.216387333688642,0.33500301807571,0.075077952416803,-0.44540301748224,0.167983949768122,-0.366457164552269,0.377005927204534,-0.1204327164488,0.370604260476485,-0.356322832840027,-0.339052559399236,0.980794241865363,-0.271908697426053
"87",1999,"Summer",1.76076667237831,0.0623673275097457,0.966769631735131,0.24733311425238,39.6961666666667,0.903221528058314,-0.496437899322241,-0.261851619972719,0.399952431852062,0.369982890686617,-0.28847153970988,-0.410865137716421,0.192962979250301,0.372550168345802,-0.0189994748662888,0.664082980622931,-0.197645732056042,0.535694616887275,-0.0494635180840676,0.673076471902828,0.0752799031814967,0.162205216708463,0.0770266495629715,-0.448546634088626,-0.377698326693378,0.291991043260615,0.29850440413016,-0.0683418582776102,-0.395426855562261,0.715957070302527,-0.0322057591759273
"88",1999,"Winter",0.385224076244029,-0.319158539532737,NA,NA,21.09,0.620532211613591,0.229089447880911,-0.918915622558612,-1.1931449540067,-2.00643985868134,-0.357445845978275,0.348365118007613,0.410066812533467,2.56440027125213,-0.599521695408235,1.92411861577965,-0.185444488377269,2.28247706277096,-0.120324216868084,1.60076653210189,-0.200167773727371,-1.50987017501667,-0.581935094334644,2.17384043996232,2.2448931908352,-1.31698980973884,3.26689656395937,1.84297943140151,1.7788318824705,3.27582140535511,-0.667417759475569
"89",2000,"Fall",-1.25534028388268,-0.0970149771061645,-1.00628376841343,0.042587973740679,31.7758823529412,0.396585208540227,-0.105618670678942,-0.946390024886039,0.428271122607681,0.188147505690836,0.177022576064915,-0.316165688040875,0.383946147628032,0.37480842518822,-0.296864266096783,0.670827150164504,1.30023132133086,1.01206440297507,0.354615384661434,-0.35446718361207,-0.472332386885548,0.752175274012029,0.148598855768632,-0.30822499703777,0.407175336222693,0.592240806913469,1.14190133072147,0.328876567637982,-0.295202297608721,0.0334372072318825,0.44560438161532
"90",2000,"Spring",0.949183567992119,0.267711351802843,1.53179338321826,0.453626009517768,49.9818918918919,1.62768222615337,0.155378769591953,0.173241692227179,0.665560626171118,-0.282047607551929,0.676719449098591,0.608887603889462,0.575104199823471,0.530897111868747,-0.298733321041206,0.80318024432249,0.350647059040137,0.468637594535227,0.295862896739276,0.474508664327934,0.0454650968780402,0.52506266185408,0.103448720988234,0.827541377234358,-0.376481889886988,0.0825008945020921,0.500056316989568,0.746695729002445,0.848186253352528,0.37266339900258,0.164863977233706
"91",2000,"Summer",0.211701742294298,0.291683986864464,0.426073475684755,0.299731848712586,56.1446666666667,0.861501574742871,-0.217134246898009,-0.267661461472217,0.433160391926062,0.0428488875932059,-0.0844806794509483,1.05652031331867,-0.23620357030689,0.336649131498276,-0.19801630376608,0.446053809752445,0.456925457994855,0.959376984613696,0.372015429016125,0.224691820718414,-0.0221555649665396,0.0920555390900999,0.563551628952389,0.342326457412348,0.562030019198554,0.796404801575167,1.23068217149966,0.34270513390429,0.343598521657927,-0.229441543629255,0.508935881003636
"92",2001,"Fall",-0.143203190230677,-0.0107671810578947,0.0564620222228141,-0.136258050187666,29.4426153846154,-0.308221978865108,0.383672636971463,-0.602187409606435,-0.353557896039568,0.295187666039312,0.360479208437833,-0.295733161634698,0.131723067305938,-0.743173235339597,-0.351616725663229,-0.0549316759771648,-0.259631017841392,0.611919736557547,0.387418403390475,0.906043646873752,0.293980445797792,0.509282175264422,-0.144321109997715,-0.0597302726925031,-0.0675540981589218,-0.0367647367735176,-0.332303338937524,0.199954549227631,-0.113057373706409,-0.408935844506853,-0.319076621819444
"93",2001,"Spring",0.170157703121851,-0.0273625297511734,0.753670408921816,0.144832973852066,53.3589583333333,1.45055512390656,0.16543747707564,0.432793328535308,1.33496151014661,-0.0250891907611876,0.995019435041679,0.784215767053507,1.37381436652304,1.67156348816547,-0.0956351682632479,1.41383365864065,0.126671538961725,1.26100366904993,0.120459943651666,0.300395937862557,0.0942680547048556,1.18486198122142,0.0683044524680386,0.635364812393417,0.601978766285771,0.210574251342032,0.39866245422671,-0.154302805748222,0.669435187925162,0.894732020448186,1.11536255138584
"94",2001,"Summer",-0.0628626005118682,-0.153116958641584,0.0470220771806011,-0.124941048655586,59.4090625,1.34137505476835,0.13927700454791,0.583027064645977,1.00376320346382,0.065897308380024,-0.559402660538581,-0.648852046701889,-0.27316843081073,0.995921087642688,-0.341672893141595,0.88841095859789,-0.43624754982294,0.376092910506487,0.0885991553364588,1.00956992388071,-0.219189170727603,-0.195905920105841,0.211693994722726,-0.589194071016145,-0.22574690207525,0.0365447809680716,-0.396012893279997,-0.0443062127530914,-0.598125265100672,0.637185658539799,0.433372203110946
"95",2002,"Fall",-0.134363012293846,0.348499047605677,0.235400510861873,0.406385633814782,28.35859375,-0.0813066998713322,0.0172050338037652,-1.50930861176562,-0.346766286147938,-0.175147499644906,-0.0179842647784918,-0.040835254250353,0.47878925937507,-0.764152087082591,-0.213320548101832,-0.743681082812865,-0.364621031854556,-0.119686892442221,-0.138472978927283,0.20673989509236,0.658804909356975,1.13569056988093,0.0458138718036198,0.402902381572082,-0.0549172223096829,0.465506805201747,0.042804608994004,-0.321750043462113,0.366602631569523,-0.0543014030452853,-0.34659819158784
"96",2002,"Spring",0.977989105278995,-0.0408273723981322,1.74259999987864,0.282282995143081,65.8502272727273,-0.0741152370155775,-0.179140318711015,-0.318303504934568,0.0967735668518575,0.443224153510431,0.347343085617795,0.224034702875122,0.651481353926827,-0.16235445281276,-0.104337160783299,-0.430409630655293,-0.0957426959132541,0.227423756468261,0.356716465895339,0.0438156791196231,-0.00785567884663727,0.588050453340051,0.0935625918375455,0.0377129628481919,0.561434484938357,-0.038563935814945,-0.072555153234511,0.794543844338259,0.0598647982269104,0.341398162480626,-0.404939806896891
"97",2002,"Summer",1.46302810876279,0.334804322030409,1.01524222624054,0.13576602021996,60.1266666666667,-0.096779234401771,0.0850540027091778,-0.537889481784366,-0.21998113152663,0.498445029690251,-0.23487287907424,0.358235372411059,0.154127450204818,-0.303121408052467,0.127809803466604,-0.843275372373916,-0.133414718005713,0.348649919559624,0.502442516885018,0.437156838321615,0.138070611470771,0.179252119019719,0.327181544353095,0.195858674616997,0.172163134873894,0.200236166621363,-0.378720920886202,0.0595777835115377,0.231255570362722,-0.169754752826724,-0.194007442575817
"98",2002,"Winter",1.04758315946038,0.0276751314968165,0.574928803907706,-0.0578306437041357,11.4861538461538,-0.557047503541031,0.593857935739176,-0.746765027309203,-1.14804134430127,-0.0549068590479371,-0.295331542444668,-0.95910509667599,0.452453909270148,-1.08473102495484,-0.439118285711683,-0.00157782951781175,-0.17139964843727,-0.0209694069735212,0.0870898022087905,-0.0247103007322482,-0.116034529858153,0.00234095381714118,0.258526399339612,-0.351480841373535,0.399541356248612,0.459081071465432,-0.578502320442509,-0.263392592937345,-0.261852750509879,-0.565874594532871,-0.461743680434702
"99",2003,"Fall",-0.0604978025081002,0.125041818698656,-0.587482946798142,-0.0363564683039865,35.6324590163934,-0.315956227317391,0.828797509705624,-0.267390044033856,0.123941134126209,-0.14218917334741,0.100116627098576,0.403817128539716,0.255462680590436,-0.360494961475198,-0.1757614443573,0.200626896590429,-0.0586396411802805,-0.251203868976135,0.354306395348407,0.799873605526247,1.64226121900523,0.996771305283623,-0.17618196405586,0.334233771076244,-0.0380942820911579,0.225046765087885,0.517134978289211,0.0778077150861364,0.271586015191917,-0.0650066491595565,-0.202155695785575
"100",2003,"Spring",-0.966276433128539,-0.350150358423869,-0.263437750020796,0.0416474157057329,78.2648275862069,-1.28214848733823,0.361751311161647,-0.159298000982462,-0.603733081043528,-0.302109844971768,-1.31933112249711,0.412324631645654,0.135308854973697,-0.803533819363095,-0.403703889735538,0.211502528492662,-0.0850958104208333,0.710674777252438,-0.206888108493231,-0.505528336475826,-0.00780180806335256,0.948822001190675,-0.233887119328896,0.0702545485457559,-0.666400611658471,0.573962145558768,-0.263026857637168,-0.104702742551654,0.039158303467747,-0.317924053927454,-0.421453826211583
"101",2003,"Summer",-0.781175028958388,0.114746828320158,-0.659218245919013,0.101672835629574,67.3409259259259,-0.570625480310709,0.334170296610743,-0.206862856732872,-0.168896617990604,0.285517898853376,0.279024281905471,1.12838760517977,0.538974666075997,-0.527661985170335,-0.0730195561827716,-0.902958259998601,0.248114167420387,-0.238567803266455,0.167746805890541,0.400302044598604,0.306158287874936,-0.0611791795192781,0.0934312541767299,0.315322947231122,0.175582767423071,0.654836076620206,-0.00584053334989882,0.218441387651179,0.37854299983922,-0.308280863533091,-0.0817010498652985
"102",2003,"Winter",-0.5109888494368,0.407415959070192,-0.748275573540286,0.244725038944205,11.4065,-0.564811877817351,0.652240610096792,-0.653829994929464,-0.347182400021598,0.26020804042766,-0.334416117998996,-1.78200993728943,0.510626932077998,-0.584602139279993,-0.315032027396231,0.406083755486885,-0.169883749555296,-0.0298269741486039,-0.450459080526822,-0.352995166553019,0.130250994560141,0.773824291178047,-0.206335625199617,-0.158327885721261,-0.167163167686355,0.0886385365059365,-0.577304225446095,-0.269735449426866,-0.144667509160719,-0.0849045857899393,-0.4422220603518
"103",2004,"Fall",-2.33956520652848,-0.398430300753756,-1.57760062073436,-0.388672225152885,29.8251666666667,-0.849906639699551,0.934540848247964,0.0384886995042402,-0.906350542350616,0.0964876713217329,0.496614764826361,-0.0623788019588217,0.685010521095927,-0.108014255074557,-0.66746832227609,-0.238546991521981,-0.0535811924186697,0.0579541510391979,0.608541395021845,0.894636559429387,-0.73946874100051,0.462816326655164,-0.471985856755959,-0.37727583613713,-0.215887067546711,-0.47349025021247,-0.466315950490536,0.395390174621932,-0.356690024101707,0.321503409060408,-0.221429875916448
"104",2004,"Spring",-0.992316784526472,0.19532496389094,-1.51017455528905,0.00689427400290876,405.451212121212,-1.00772519530888,0.128874699800918,0.137953587408195,-0.463889773138101,-1.40995390981873,0.817528409950123,0.0535034852107156,-0.00510536405103223,0.132162392974049,-0.310300695239041,-0.539071540132856,-0.0120718240078613,0.987098139021603,0.493808479082314,-0.346537410409769,-0.0357038194959773,0.135430687444621,-0.846508250599698,0.114524128168205,0.0540020887991338,0.174658888739624,-0.123110326968536,0.0984176892934377,0.0574505507981705,-0.13937860115687,0.306513669363526
"105",2004,"Summer",-1.10352394193116,-0.0248864766570978,-1.57388728339936,-0.181267251644862,82.94375,-1.11117036342217,0.791831099136011,0.131308986909947,-0.966552687062764,-0.486384646660411,0.322288034268866,0.594392952458785,0.563133249703142,-0.32614662132681,0.00708055109121069,-0.649753641967712,-0.125043678622453,0.728923134017817,0.57935786985206,0.345610144388723,0.0546120096788242,0.0699368331555208,-0.260579499156264,0.0555249341786897,0.123158398240724,0.0616675939131699,-0.164574367040588,0.917418039427996,0.153239562272559,-0.248422471944851,0.015911791032342
"106",2004,"Winter",-1.81334590397628,0.224790849383432,-2.40007271219277,-0.0246829274476497,13.94,0.6537110545049,0.892384070022766,-0.291259242436731,0.315700446799022,-0.469922262004224,-0.378052366729714,-1.87391597818754,0.43628526763383,0.188967695161132,-0.563211255131192,0.720885301095898,-0.178163909252106,-0.29881712343672,-2.27547498457936,-1.27115802537606,-0.195044381760489,0.583442984067634,-0.618998469557356,-0.489769600005229,-0.52439407639703,0.462496218380949,-0.579168021085659,-0.322498954896098,-0.403959895346692,-0.905409015587826,1.14949576478959
"107",2005,"Fall",-0.822768928137797,-0.519683651529144,-0.987983354681504,-0.514009590329928,35.1630882352941,-0.973685024975258,0.729292803965645,-0.397510451466478,-0.755579233240208,-0.0971575644857444,0.00288830726093668,0.200389940992354,-0.535063786930141,-0.274668267646851,-0.132641644826281,-0.386468441996764,-0.234045299612041,-0.249709055791454,-0.00594019923228092,0.792015603446241,0.612603817825401,0.606472727441544,-0.627070388010002,-0.107624122718832,-0.142179586544445,-0.170278601576392,-0.332481061359115,0.0884780757671459,-0.231323775249122,-0.0620792537836014,-0.14509474471138
"108",2005,"Spring",-0.813415765657167,-0.445315988761926,-1.10466040928895,-0.547638550005318,33.7501754385965,-1.2648269974065,0.194935267115747,-0.103576628896634,-0.181861027736095,-0.11866807217239,0.283603730966562,1.18806230719123,0.13346636479576,-0.843892229190099,-0.342922848389441,-0.292854233188319,-0.0752806505768951,0.00695415790904013,-0.171887725148491,-0.733473242504135,-0.0789606105545543,0.494816895938523,-0.447363080243719,0.304752345996687,0.4631705305395,-0.0778898084368931,-0.0211685400170582,0.00395745524136467,0.343744436855315,-0.374148524136997,-0.358281421838491
"109",2005,"Summer",-0.775811082378623,-0.412781045396634,-0.855215022027889,-0.394388354478993,63.1548387096774,-2.16069591748091,0.604319353633033,-0.0804055801543611,0.23118128683009,0.0946049522930349,0.233199372523092,0.0799599289579805,-1.14209228232401,-0.77924132878398,-0.174729173059689,-0.611980292705466,-0.432630430021561,-0.0316880505152814,0.271648244876542,0.487484613596265,0.0603980515784012,-0.360346027128789,-0.271963570632009,0.143967679571763,0.723643359083565,0.23542518727702,-0.16719630381081,0.395056996994107,0.0743769761340073,-0.443795338578317,-0.40992504137509
"110",2006,"Fall",-0.575837432044635,-0.465939851715243,0.0548268606877039,-0.19858467132349,31.3771794871795,0.118622646341337,-0.178773961564704,-0.677555717431206,0.408902111379778,-0.116818244893848,0.146466954746962,-0.0269086551089401,0.612593888350818,0.285758746482224,-0.395742487147005,0.111362364776176,-0.606716577945549,0.4917245417104,-0.0352238325565777,0.620602103682038,0.0339276825344263,1.2401599065948,-0.258423013864331,1.09821918018598,0.723427756832675,-0.118033117467707,1.08691888857694,0.711755502406359,1.14411587558419,0.227696837069232,-0.0344296717893028
"111",2006,"Spring",0.362185042450601,-0.289922493183096,0.379826147425661,-0.136673146069096,78.861875,-0.950980660182084,0.117246354827725,-0.499564406232506,-0.874250784224688,-0.192763072403296,0.091491708274029,0.287501851039078,-0.0746736948465544,-0.48219602428259,0.0642141260711535,-0.600806939152728,-0.0571938421594342,0.152164159260566,0.637236966860982,-0.408837685187496,-0.0503683249452617,0.0584009088386506,-0.179310284103984,0.160534422184568,0.0455001137566362,0.33837032920426,-0.113468043021182,0.166622456374362,0.102016680784732,-0.0363360371374659,-0.442696899355516
"112",2006,"Summer",0.671259397245889,-0.299184889227802,0.279041206653433,-0.172232876868849,42.915703125,-0.311053430939984,-0.000979635221815857,-0.0961472318703868,0.522308951571569,-0.0817976621754556,0.0633473311193335,0.474605186867257,0.918396447806207,-0.350923240212165,0.0877424629728006,-0.0290469514524243,-0.190573770837676,0.092156511637138,-0.513575134785056,-0.354483560212698,-0.0455345539345619,0.791171985924729,-0.32043920453941,-0.2515929742747,-0.172348194212181,-0.247414584017999,0.122363378268911,-0.176784662054972,-0.411873689009921,-0.184180363267577,-0.225736453192041
"113",2006,"Winter",0.528163200823636,-0.21538021706947,0.0910277927699552,-0.36487365546061,14.498,-1.94435416732822,0.492013513530885,-0.333538041738649,-0.866995738629218,-0.960890162287507,-0.39457202370288,-0.135083943558655,-0.572359390868048,-1.56641591582544,-0.532394434122623,-0.591792564959526,-0.169906187712802,-0.70865726811139,-0.264415303630009,-0.905123489995133,-0.187611215630617,0.593319997646797,0.119918120776958,-0.517670821470662,0.098505745494592,-0.0479550303967208,-0.0962366190008505,0.0640594942952464,-0.42734826581294,-0.90682928228451,-0.602091867610481
"114",2007,"Fall",-0.673100847851839,-0.322830558370979,-0.871722197939259,-0.264740666485239,31.3045714285714,-0.157542404248767,0.663376265750437,-0.525545425658167,-0.258976168279066,0.087239226164129,0.200721903622556,0.201204265841033,-0.081107669086206,0.0525298901472437,-0.0668072993967905,-0.172356318566877,-0.538048661815463,0.0880974534867269,-0.24301818305684,0.727205301190569,-0.771650970031641,0.0712892620991831,0.0305190064301434,-0.5828650353555,-0.31857058526476,-0.248962201433632,-0.997779447446947,0.316264600818149,-0.587179942411462,0.333283867501822,-0.184407831697534
"115",2007,"Spring",-0.434928910857957,0.0698773343758753,-0.770153367766613,-0.025803721045516,63.3479069767442,0.350004407813142,0.321589787325502,-0.0727217013664083,-0.143728712885188,0.0484992085169966,1.23994463432076,0.208274014065286,0.0331796256414176,-0.00266331990405931,0.0230590211172805,-0.415234121945553,-0.0969840210166593,0.0708855248425182,0.416719876762342,0.15801453544035,-0.11121617619695,-0.0439757635619307,0.250133649018171,-0.261836720230714,0.330097267181052,0.554758327403498,-0.205351739340244,-0.154549172144101,-0.33468879533851,0.36712919585445,-0.277295033402454
"116",2007,"Summer",-0.280896492157467,-0.00329476163651066,-1.05396354343402,-0.0621535113367988,58.5870149253731,-0.906120970293173,0.024834476529617,-0.195620297026033,-0.625387988427918,0.128284610734953,0.274323736133801,-0.903915635564466,-0.866157286496371,-0.959531140279128,0.357345672442295,-0.912290283659123,-0.309855878424936,-0.396554807712744,-0.21132614271023,0.74474510029996,-0.38783756318315,-0.232411187680555,-0.280997116939103,-0.330390856924427,0.171668713692508,-0.0870665182086311,-0.67708617206067,0.735713724849646,-0.271315193806595,-0.603021927104007,-0.395303760366264
"117",2008,"Fall",-0.806914578388072,-0.120839253406192,-0.237205037625415,-0.144047505466029,36.7322388059701,-0.369418503492278,0.0132937468229425,-0.218062113173789,0.28791790479641,-0.200029939473944,0.318981761662899,0.682300783489258,-0.325081357630554,0.172325681369472,0.0373950445384148,-0.0102931167730588,-0.13420845559622,-0.159778576702806,0.152310797108062,0.549755578705837,0.975908645214411,0.597350973712882,0.131104197838967,-0.322609260927688,0.246020892486513,-0.0926650527731167,0.143293667884249,0.943113538336187,-0.235551869449694,0.133738523662198,0.0273070374402059
"118",2008,"Spring",-0.0546372910657692,0.0408267987769146,-0.141217744676534,-0.00473922208498691,28.79,-0.717915751641288,-0.0127679125542003,-0.444397500999301,-0.300289174546204,0.157760299800814,0.265472185559624,-0.189562366321395,-0.146561076888585,-0.728597789779772,-0.0187866845809359,-1.02287073427045,-0.138597968030437,-0.550932953802901,0.19013258436829,-0.309251385054453,0.0712970709925444,-0.422840547405013,0.475782784849262,-0.368863929166974,0.260042950998012,0.558876678897526,-0.310851672829937,0.272131222594571,-0.367744714105882,-0.323684761936503,-0.449045922386037
"119",2008,"Summer",-1.08130682861728,-0.0140540611475653,0.392225703036111,-0.238801602681432,66.0587878787879,-0.506252009990276,-0.3965844068221,0.204629632311319,1.09390263698242,0.720967398335687,0.325500343662495,0.430385032234815,-1.28866045835904,-0.430706702203536,0.0718278711675867,-0.444746648268576,0.29395665571852,-0.110792941224778,-0.157961686362769,0.100868804813566,0.670071766967813,-0.261886270538428,0.440437414399917,-0.159764459417257,0.0798766723523257,0.150819709571936,0.698009443966923,-0.36612016738841,-0.132183100363914,-0.0635607659679461,-0.210019651905607
"120",2008,"Winter",0.826723513015711,0.0779293904074433,0.880166956852367,0.0924738607572974,10.4390909090909,0.0446838028870633,-0.263345012176113,-0.520517246526392,0.40551204230623,0.0572850980485853,0.380553836593886,0.318096244437691,0.570720719974527,-1.14593094156293,0.269300635112119,-0.721946427952842,-0.168370050769702,-0.738221126560059,0.151762169961248,0.043287887472058,0.310807917705778,0.325322879966352,-0.370590921295873,-0.0453491458970378,0.0315868169320907,0.306267398427571,-0.321152714730631,-0.0585564080372076,-0.0107091215595913,-0.489065937461214,-0.599091091451129
"121",2009,"Fall",-0.825117621648878,0.244863092815917,0.112129361378928,0.252002401659404,23.0431818181818,-0.219581198076373,0.198003136502567,-0.0895289788301287,-0.429119617073348,-0.32227462987024,0.206935741348956,0.457885295434486,-0.269250851446075,-0.281694309058636,-0.228961118707611,-0.286406192701348,-0.157297607544866,0.17998532984376,-0.17726762567241,0.333566776167189,0.737682149433443,0.89301439690216,-0.272172035727858,0.163340036835971,-0.0640440901623876,-0.296656159336535,-0.337816030836175,-0.314245383551658,0.159232382052383,0.0637599305677114,-0.330818445850372
"122",2009,"Spring",-0.382189137224736,-0.0797112293343708,-0.2478488491225,-0.0555222911641037,83.4903076923077,-0.576872835364439,0.109098871867515,-0.582787951959701,-0.419545908094707,-0.0493128756081279,0.107138507002482,0.177902314126791,-0.392750484255433,-0.622935146575491,-0.198282346964325,-0.576744427173148,-0.06951137564315,-0.212355224597173,-0.150992407705483,-0.223660447020336,-0.0561503453953874,-0.115155579815357,-0.103736500111454,-0.433043721433516,-0.0787540341096317,0.0952226720743232,-0.101822890045651,-0.363976642753299,-0.432120222731102,-0.240263826913128,-0.37550337982836
"123",2009,"Summer",0.0562688696285799,-0.0601573102937012,0.105139381878739,-0.0659992377427642,61.1650724637681,-0.549579249886374,-0.196999315790039,0.0563873469778313,-0.132660205324866,0.789880447634479,-0.262151172141818,-0.720251853545167,-0.00591169037692984,-0.716266616140142,-0.00368700693924937,-0.859113768186897,-0.661684344119765,-0.513575963299732,-0.310861769501175,-0.129297393581607,0.257401436320402,0.00364779664886593,-0.363364996179187,-0.771853945089555,-0.564202591055795,-0.102407456142805,-0.580216028221396,-0.575358689414358,-0.837196603211773,-0.203127218636036,-0.281711615062062
"124",2010,"Fall",-0.266030931954862,0.0313824333073864,-0.193379575600824,0.0192592341722003,25.1187654320988,0.00387302039913127,0.0363772467196449,-0.428550026910053,-0.640403558747264,-0.529748370117088,0.373494846053606,0.585095164459632,-0.36220897913457,-0.0754160562037963,-0.192861806529754,-0.150182270436381,-0.359772735619938,0.205499054111857,-0.130552517051458,0.40170070239937,0.181851410938864,0.779018722390434,-0.377403091197185,0.35973666896944,-0.145500689736043,-0.0846058711020574,0.124665739387095,-0.129721934051275,0.272831938630817,0.33090760848254,-0.157671220901776
"125",2010,"Spring",0.695328671980042,0.0132810267868249,0.539974075380401,-0.0627725543215376,71.5271186440678,-0.848709936580332,0.184954943369704,-0.108248350976728,-0.78043801988885,-0.658015869959001,0.862268655457763,0.202938636319267,-0.0474800067251628,-0.971272298567382,-0.382693971909584,0.286388010568617,-0.0754210829028358,0.516716289678736,-0.627724073538932,-0.148523008880387,0.0678315835597568,0.572379463884073,-0.10909173551492,0.339985817273263,-0.142334194821052,0.177878305080709,0.125681799811729,-0.220167523498738,0.352934922878701,-0.515098114272976,-0.437565948757729
"126",2010,"Summer",0.475463110193275,-0.41038248051791,0.539974377576935,-0.445466199161578,57.4288888888889,-0.00321428686085236,-0.454451571976897,0.0345947330115373,0.47697016206916,0.586623507157984,0.200858828764368,-0.26511094053159,-0.0252006324049564,-0.932686157517867,-0.338195537432985,-0.616327697235167,0.259041771366614,-0.582547593423154,-0.168708601041337,0.00782450474619932,-0.345545203610698,-0.390003143058809,0.00932306116308543,-0.0477528400941902,-0.48724827176976,-0.131696742040225,-0.27164334541957,0.499346066648137,-0.0903838311280396,-0.66682724277019,-0.329572293061325
"127",2011,"Fall",-0.200521157459284,-0.216184073975612,0.506954626265806,0.0751675416915125,21.4435849056604,0.0554231687343762,0.294895091723408,-0.651373536468698,-0.294238541745024,-0.640657225181501,-0.00279552859288447,-0.288926167822072,-0.170072435410393,0.520726504757715,-0.593485316992035,-0.166393850211094,-0.227875442265371,-0.0886576776933747,0.00491426208013049,0.613725694268145,0.865661248168078,0.732958673850659,-0.326962266086943,0.0239224151071373,-0.261215409436632,-0.0578501189197098,-0.18688303081622,0.318413400065076,0.0797357173615975,0.639250188470546,-0.0667046152332608
"128",2011,"Spring",0.367686895530415,-0.0778510783223989,0.530515976597586,-0.0359795496478882,91.8679166666667,-0.409049297816121,-0.144018244293646,0.3148003451831,0.0435265680599069,0.118731725249221,0.17425056524454,0.802164906526896,-0.0605929212251475,-0.0853044218802715,-0.230944100927937,0.218020889070051,-0.133223858958787,0.0924834440258899,-0.1585241074215,-0.646739781171915,0.00979785016035548,0.390868530825803,-0.215395512560135,-0.253118824643508,0.0763020546260518,-0.0082530568533637,0.175068150992587,0.51892270850125,-0.212793121695544,0.42885799519277,-0.49458333573104
"129",2011,"Summer",1.08085362931379,-0.444219828233998,0.298614089731575,-0.346150198883695,57.1994285714286,-0.908805168853731,-0.30511320747483,0.283508245985137,0.265456583038149,0.388086810705874,0.167275773286593,1.77043958949353,-0.328310056171334,-0.205019855202148,-0.135420806772521,-0.256820144671953,0.394776078225836,-0.188046610861563,0.0740589804223095,-0.232989049386116,-0.0830791954602201,0.241756093160802,-0.0735459465657163,0.377950014015894,0.668609535085346,-0.105813787761205,-0.380821345039086,0.589037391759397,0.351279988556663,0.149672632595572,-0.296923114278778
"130",2011,"Winter",0.344970752163558,-0.396990912954099,0.500474399520112,-0.623502720159933,31.015,0.457764665224172,0.0587267086486504,0.556215081767509,1.12784860696224,1.41231427970816,-0.0229950521195584,-0.378817325644486,0.515706946889193,1.68073731220996,-0.103467572977371,-0.0271819400548705,0.0378935789399971,-1.09621388384711,0.525543227786085,1.00926426721606,0.482665201495171,0.929198877212191,0.223862502838279,-1.08383650521435,-0.477453792194296,-0.114198174412611,-0.759581355775717,0.178776669442249,-1.00825526599341,2.44068135495401,-0.569328520101621
"131",2012,"Fall",1.07115031654473,0.28821239563813,1.66962508376957,0.337243559000586,24.9666071428571,-0.0702101515023416,-1.15250796913857,-1.556501719008,-0.624242550968848,-1.30645037942706,-0.101170510372061,1.0411180725214,-0.180868984540379,1.40700865729526,-0.17433564820463,-0.268410248068772,-0.258631662083519,0.703620503959168,0.0412464754374143,1.1720094005143,1.81030669066636,1.39150574564773,-0.24645431307605,0.811946670979608,-0.0247430420668003,0.0137263782856059,1.03183624590188,-0.397566700249312,0.913957561060323,1.73899099911736,-0.381331308644541
"132",2012,"Spring",1.83229409389802,-0.0590679388908184,1.57945318133035,-0.157481210906088,29.6791071428571,0.957047725061059,0.0817141205569471,-0.461942479027092,-0.0123914120146634,0.842907875204905,0.303452559139903,-0.310203164489929,0.903436409975238,0.949487936497508,-0.263616157961021,-0.944819077702961,0.0531518492271293,-0.309788668042634,0.369410299955215,0.407889696935288,-0.0632391818223823,0.44290837545896,0.385314414532165,0.359302451091824,0.387328046387097,-0.360107104066742,-0.25933242388064,0.169045419607476,0.324015611222611,1.24589977477316,-0.394640981701645
"133",2012,"Summer",2.12653285167062,0.211221461077114,1.69850670361625,0.0291224769158861,49.0383333333333,1.33442434865356,-0.607749154993344,-0.577999922106175,0.598196886214172,-0.0766220831488436,0.00849671032612538,0.595441265690173,1.54318066112257,0.605730970794017,-0.450617988993962,-0.690434186031299,-0.0239855178592617,0.167903210150623,0.592529936336417,0.709852814504077,0.483417860286458,0.312309436195014,0.01841734097227,-0.411301158184909,0.0255612083585533,0.170682816026329,-0.15274969590154,-0.0350849207109984,-0.382787805709875,0.922777232653586,-0.450396654011757
"134",2013,"Fall",-1.029657849233,0.0139987675005784,-0.269859048189124,0.233164245572969,27.8279591836735,-0.0438557785706393,-0.206241929519945,-1.26665580135181,-0.229265737889509,-0.813600087832836,0.238406599253684,0.528027366480872,0.391888462409336,0.181866343396598,0.0848189787923311,0.203659651140237,0.89652056363675,0.692773974117755,0.223635170444846,0.23463714319823,-0.0896411366045138,0.901721067995324,-0.164751070692539,0.739946972314869,0.571158913166987,0.288175564048087,1.71747503717464,0.244856113389582,0.768980925312329,-0.0107921295287721,-0.403389656694422
"135",2013,"Spring",0.971279728551566,0.389013637336133,1.20126246048254,0.409317586971429,26.9731914893617,0.973920573745823,-0.124608291948335,0.0151362093236284,1.27067811487531,-0.414916671457994,-0.207292031766373,-0.0792336581224027,1.18313459465619,0.590406364256281,-0.392476151588484,1.08673090926301,-0.0253598803045622,0.897518814336498,0.358323349276733,0.733462651159187,0.463823285681381,1.40825360299863,0.188607412468483,0.5964226173361,0.0909635713240811,-0.334958261278143,0.46149030998495,-0.607226483459736,0.61796488329037,1.22013128913792,-0.616775110370964
"136",2013,"Summer",0.567794175665978,0.0653379210023814,0.807829124958691,0.0440588930495473,60.0130612244898,0.429570673007037,-0.0020463855662708,-0.395355226458888,0.292926933787607,-0.456645331954487,-0.252253887106162,-0.0786942611053544,0.58761797287975,0.131543605892812,-0.510890913120137,-0.251323365809773,-0.725627381726068,0.322568066990512,0.26708396841274,0.426194520849102,-0.275156822402217,-0.0263453421286015,-0.457993544027351,-0.506890428258484,-0.108956099915069,-0.24908560464085,0.118136216251622,-0.378306847540497,-0.588606209147677,0.569516850143424,-0.427645031759994
"137",2014,"Fall",-0.367347510315546,0.202146000014047,0.284764331687472,0.293617029859724,31.6481132075472,0.117573328039489,-0.379372297056889,-0.531474663246775,0.179832860384177,-0.414146720682444,-0.177926679786361,-0.050199371372902,0.194524536275779,0.532156240964551,0.481874959473253,0.59654999642263,-0.258997483408313,0.739106109455408,-0.453271265024867,0.857602835026929,1.43027334575368,1.17580453210392,-0.427535710448331,0.624885155971068,-0.00744537244599518,-0.0407884045061597,0.742974877120408,-0.333926278651639,0.500334210318691,0.595398928632953,-0.384902649749488
"138",2014,"Spring",0.405035710653957,0.201315625375343,0.380057615405855,0.140429349402166,26.6232142857143,0.520589740634463,0.214091419317811,0.160609034918141,0.935632052963692,1.05831454361467,1.78232942289023,1.59362691432853,0.905936132883554,-0.4715819671778,-0.333007182104089,-0.0922328170243555,0.0558011140166011,0.600198384750342,0.428326486198045,-0.218362064495811,-0.0905767378148095,0.821500258290692,0.237898793294004,-0.0455527872998412,0.845213512973383,0.814188778250566,0.889291087712339,0.405514924876078,-0.161129841990468,0.13109218136411,-0.64732731674325
"139",2014,"Summer",-1.72232447845406,0.0942811785652953,-0.857714434762046,0.0888664594028413,52.095,0.339014699419252,0.474148002136071,0.546538594388016,1.25875240750214,0.678380613239375,2.15218675274314,2.09764156298001,0.45548313405621,0.620192826038456,-0.197664561939896,0.405386527388008,0.409276910048304,1.58708691855626,0.460082618794003,-0.43873412216198,0.126461490917746,0.368255863910989,-0.180503488511026,0.602802441648323,0.912482177983474,-0.0574110362667428,0.0727124336045962,1.56360211389311,0.639941942027412,0.638534003152026,-0.521813614172541
"140",2015,"Fall",0.176085736516038,0.494748148191577,1.30004044499749,0.34782208729139,35.015,0.299951857814878,-0.696812100823661,-0.153364836257098,0.692965215291164,0.208630881826771,0.399234666220783,0.884300627284133,0.815316545733102,0.29277604979057,0.654887781353104,0.425814185804764,-0.103584763778451,0.999692768976452,0.0123923660028452,0.90269064950158,1.29262689395664,0.517135026746746,-0.429068968086636,0.124704857310169,0.160290214411534,0.288918489357302,1.02812583833362,0.219817317735202,0.151223011647364,0.199539680965749,-0.371432052317695
"141",2015,"Spring",-0.415775223219086,0.257388817617519,-0.342789300972874,0.325177673342356,67.678,-0.399959032644766,0.421537018826197,-0.0329019082558429,1.47702306872454,0.230125222092007,1.392826975523,1.94837416098178,0.281783651009027,0.127992980214226,-0.276101394740221,-0.227483664925996,-0.105309851437672,0.869913056572273,-0.233581341518471,-0.895699487019187,0.0135883278599581,-0.0210498646913417,-0.128315785452504,0.463436862020373,0.332094548520378,0.237443342204433,-0.0230714515794086,-0.533427041360551,0.472511366349736,0.57820671086933,-0.623904492568028
"142",2015,"Summer",0.59499049585913,0.268682070725272,0.135779847318804,0.4431225449076,51.3710810810811,0.19366823477952,-0.158261046954962,0.0310489602461692,1.52224091252025,0.292864188851879,1.48763853276837,2.00156094574406,0.0488972397346462,0.027834741326454,0.193596776295342,0.0232275948768611,0.580067286229504,1.43396121783263,0.406759283625927,-0.510558941888569,-0.146532112276232,-0.0690548216307026,-0.356848654735179,0.632241404768028,0.497731235061102,-0.24355780753619,1.55168815796673,0.737735019304015,0.674146871280127,0.332750565980121,-0.508627907332327
"143",2016,"Fall",1.19127891951433,0.601748841838595,2.44889514092659,0.235407984049453,24.2442857142857,-0.577855110433148,-1.70916278192136,-1.28613296401545,-0.371387748041214,-0.619336826238555,-0.163394924445989,1.2135464776432,-1.23207718141285,0.769404818790843,-0.8807358422054,-0.565745772153808,-0.252058677476553,0.699642269622992,-0.590579013939035,0.381428157609225,0.844665158344314,-0.178123446196018,0.141171871304028,0.28028155102012,0.475541398422726,0.268341980994195,0.609601432460887,0.595725757888174,0.331688361215767,0.222572891992354,-0.371822125020915
"144",2016,"Summer",0.390513495821607,-0.060113649053608,1.03833897900297,0.202959332321098,47.1988659793814,1.18112341505069,-0.176565684472929,-0.0313284668900192,0.931470776590852,0.635364101390588,0.311123233912786,0.485292173931285,0.406642883745805,1.37523795971521,-0.345764944858278,0.419869266935379,0.706135806014037,0.459016121128044,0.184950368632005,-0.384684792449345,-0.127013684651141,0.576345631744483,-0.118462790582723,0.277103749625588,0.0721011034671719,-0.19340281276348,0.0223110646581031,0.680359599182924,0.134988501250121,1.65688577627,-0.497968762575776
"145",2017,"Fall",0.5172419772916,-0.032648375525038,0.330553259418414,0.0671079626718152,35.9380952380952,0.224321103958046,-0.909903547383519,-0.183609144598094,-0.213676849248531,-0.95268116610768,0.0982748028433409,0.713295822971497,0.778989877011725,0.987552550284187,-0.74144164888125,0.264974631626561,-0.189317033204389,1.26811836867149,0.697648133701855,1.0293203225387,1.82465884576785,1.40227512113151,-0.602633781728929,0.958455144326936,0.411428936295906,-0.54009806355517,2.02859913705891,-0.214582150755101,0.917094964204827,0.736700803496977,-0.3857232634369
"146",2017,"Spring",0.692874670026082,0.126075991216119,0.619379069541057,0.057297489173973,46.4972857142857,0.677499751454441,0.296077288182513,0.264812861070446,1.41156652403858,0.957008395141516,0.970407516506524,0.752789244576311,0.978548000399509,0.0510045529308264,-0.4005476700627,0.287069902891406,-0.108197439993975,0.611124317336084,0.655489728760713,-0.111794474774532,-0.028826995934367,0.445166616240605,0.0841144830866259,-0.0576116232767681,0.286659147152093,0.0989811933730735,0.323085048002852,0.317473602975028,-0.0561516886138626,0.254670663592494,-0.319515062444898
"147",2017,"Summer",-0.575912367369296,-0.156178024099925,-0.0341728009914535,-0.16913003254629,49.9475,0.44673785358821,-0.376581187685889,-0.0331049231394997,1.06324729157654,0.734549709358331,1.38200737263815,1.03124131276368,-0.291539270904143,-0.00146075698140734,-0.143903786425595,0.129408661526253,0.945248044862782,0.638729450944811,0.137055591735656,-0.43996846234949,-0.0592656083154675,-0.151892653750689,0.00979880066632765,0.0134798492123527,0.4425240634573,-0.462931334605708,1.52888547864352,1.27693147447137,0.0657579526239333,-0.137389932931466,-0.609042055724335
"148",2018,"Fall",1.0559094827048,0.196436593361515,0.313397589436493,0.129964569128416,43.9622580645161,0.10866894434818,-0.77656653426461,-1.15080965711399,-0.0683802387473525,-0.863977896090455,0.219227994907061,0.244724813564987,-0.799234331464,1.04242319847673,-0.6239080947419,0.444804422507731,1.23904899979684,0.809666613890155,0.575167590392476,0.793069077028404,1.63679188896476,-0.597914131933086,0.330543647991828,0.0716152772905965,0.323374567103709,0.765891191565535,1.6898832639507,0.207361857246497,0.17999949533769,0.499792604573318,-0.369519874333822
"149",2018,"Spring",0.214320633006258,0.471346735168261,1.87892339096618,1.16225499588248,77.8838461538462,0.707063193863344,0.341108698040433,-0.267128884828299,-0.277589746043355,-1.248164960953,0.760369355135585,1.09949505015153,2.25267687838654,0.725334935051508,-0.461248928268288,2.17682713347485,-0.0848833885514879,1.85433296398361,-0.148143546520253,-0.321833741948204,0.228736858628065,2.27019203031165,-1.3880015895116,1.89141433596707,0.0724797436081759,0.172903432634783,1.05597532261815,-1.17445598874968,1.90407393764912,1.03419587450411,-0.585548718916551
"150",2018,"Summer",0.172422230101609,0.0785345882423927,0.476066497601961,-0.0410505452472739,82.0013793103448,0.984342115327954,0.136174422177226,0.3623396764081,0.158391555921659,-0.0275098859511417,0.547605520889068,0.447078350334335,0.756018150330578,-0.0689152148782337,-0.452001957870287,0.174772180168752,0.0734061358425413,0.461996455757325,0.605499539985795,-0.477766352289676,0.0657745415226532,0.447416160438986,0.300944726848217,0.0815302298448914,0.643116439554375,-0.0367674407884937,0.652206211878904,1.61111321136651,0.141468961693087,0.0417549263430733,-0.508653493740488
"151",2019,"Fall",-0.410917029931212,0.350995315398295,0.565201713476303,0.313569982938875,32.03609375,-0.170515271754614,0.312792993083673,-0.918862842071319,-0.368069987488794,-0.746639267728158,0.00384140260841422,0.393383619207612,0.0858232312856578,0.0224486543661494,-1.00299685495544,0.598909434026382,-0.24499305216175,0.772122025376978,0.542869606325311,1.1571104824456,1.2056622981571,0.730138333959983,-0.694268067717617,0.460733793476223,-0.0036742412363626,-0.148469527338922,0.303175127221291,-0.453911832634127,0.431129693385762,-0.0552450473871441,-0.375637140698892
"152",2019,"Spring",-0.452554728419496,-0.171924916960007,-0.121270291451698,-0.218659854784802,40.3873333333333,0.580023006885323,0.0480422013250084,-0.0989422620645922,0.357745695991792,0.215254205190618,-0.329345407521318,-0.11359668857082,-0.392530808509026,0.557314365817517,-0.30084575308235,-0.370849020273063,0.201161233387243,0.504045266850225,0.582832622619132,0.795227103983833,-0.140261139702143,-0.562777071851557,-0.331073159120162,-0.459837177327808,0.00158987713088079,-0.364716783369551,0.00572676050123792,0.240394928334272,-0.448026899861065,0.371343663977736,-0.610812317613966
"153",2019,"Summer",0.309200145521599,-0.00366927124550722,0.618370585976605,0.0477064174561095,31.3398275862069,0.115474746683333,-0.471109677345272,-0.240913779533656,0.360687983461296,-0.121830349142064,0.400095483966738,1.2194538319143,0.143568721895054,0.616821358537845,-0.382707357259148,-0.33124102318181,0.082240409448189,0.654770597069316,0.433100464164739,0.924660698223092,0.481119497687988,-0.122919686593634,0.281748960791561,-0.255972088425649,0.328840387560862,0.00553200111882892,0.369810158640387,-0.0255215622932918,-0.174530472999694,-0.00213286198521687,-0.442862267768544
"154",2021,"Fall",0.972654252053315,0.0780105732162126,1.18645586335923,-0.0881383997124174,54.5039473684211,0.630862022245336,-1.39309364077721,-0.525711705369183,-0.537126841117202,-0.635759575922229,-0.0274318747031189,1.42724889276572,0.690179830430207,1.30629190360056,0.93785048371843,0.890160172672369,0.877609354262791,0.811339633727127,-0.316007680032205,-0.508843900047325,0.379221620917955,0.598546430626153,-0.514364688936105,0.48962497579631,0.0225529042506035,0.419276608136131,0.931865730861561,-0.235991286813457,0.599812517624256,0.130905060869685,-0.374930038073651
"155",2021,"Spring",0.670736742326658,0.00809993779677295,1.12804470817385,0.127312763458935,49.4007142857143,0.703460150486214,-0.0266693177103853,-0.322641858742822,0.0240224355667953,-0.650703438328572,-0.577698815170724,-0.29835183437492,0.769546347437489,1.42447124889354,-0.282845890891027,-0.15387517787148,0.190999435529368,0.0788192354087476,-0.0513099709471227,0.805367552634853,0.0378004038166831,0.221255922159683,0.016334962494436,-0.312662593426482,-0.678535545301707,-0.660911458615164,0.342024948079645,0.183432023026139,-0.301183623183703,2.15764441750864,-0.598271162613248
"156",2021,"Summer",1.42272614426217,0.300853016529265,1.11932282237116,0.326704190373994,50.7430833333333,0.326459983444273,-1.3733347278014,-0.498405303252942,-0.103711722265155,-0.403865056651514,0.0739505694267959,1.14556362603129,0.384474746952241,0.992862595202069,-0.547154258959795,0.579245623729627,1.35634736085511,0.900531676610326,-0.667330164442568,-0.342227187203687,0.194245303663019,-0.185245741592861,0.190228585788824,0.47365041115566,0.629622045467594,0.169490152666863,1.43298330533145,0.413055438066487,0.560876252573734,0.936155678385676,-0.40906289517781
