year,season,sfc_temp,sfc_salt,btm_temp,btm_salt,volume_100m3,ctyp_100m3,calfin_100m3,pseudo_100m3,tlong_100m3,cham_100m3,echino_100m3,larvaceans_100m3,para_100m3,gas_100m3,acarspp_100m3,mlucens_100m3,evadnespp_100m3,oithspp_100m3,chaeto_100m3,hyper_100m3,calminor_100m3,clauso,dec_100m3,euph_100m3,poly_100m3,fish_100m3,siph_100m3,coel_100m3,euph1_100m3,thecos_100m3,spirspp_100m3
1977,Fall,-0.847225106,0.247705368,-1.07691797,0.490801994,59.26,0.280081874,0.637268556,0.893332134,-0.471356533,-0.370571959,-0.273884406,-0.942335973,0.173174415,-1.275256595,-0.214808724,0.013260485,-0.568687358,-1.737417308,-0.25113065,-0.602457108,0.494039213,-1.977222826,-0.171613242,-0.276234567,-0.432863124,-0.014894055,-1.289514651,-0.261358536,-0.785423925,-0.590281765,-0.392980784
1977,Spring,NA,NA,NA,NA,22.039,-1.061118689,-0.259869235,-0.291129867,-0.440161116,-0.218848778,-0.896605641,-1.527444369,-0.300639626,-0.991992738,-0.214461805,-0.243342783,-0.176905335,-0.475915656,0.733322019,-0.237418893,0.07474795,-0.501342467,-0.224259471,0.099863935,-0.621950793,-0.081508948,-0.678430398,-0.186562804,-0.81793828,-0.371708614,-0.751617906
1977,Summer,-0.626610546,0.101965416,-0.711014712,0.390897358,56.60767123,-0.872955814,0.337277355,0.287873003,-0.852413444,-0.432165667,-0.723750835,-1.095619568,-0.460654098,-1.216505989,-0.468146701,0.175317051,-0.491316543,-1.089303705,-0.112452109,-0.475060363,0.0080117,-0.603087435,-0.287642301,-0.76400617,-0.479429995,-0.133709942,-0.786230651,-0.266373341,-0.934230388,-0.367027713,-0.362913951
1977,Winter,NA,NA,NA,NA,48.495,0.561276819,0.23829442,1.389231464,-0.248545019,-0.820505991,-0.313927793,-0.99291089,0.465800459,-1.646149972,0.500864303,0.411142945,-0.6582652,-1.368138243,-0.132320361,-0.670355186,0.582133357,-2.198613321,-0.201696031,-0.128129713,-0.458820926,-0.209292003,-1.30811585,-0.185757418,0.115950979,-0.853141474,-0.532357159
1978,Fall,-1.367805771,0.225203145,-0.765697286,0.339469118,28.960625,0.28873693,-0.038644113,0.771849504,-0.68408362,0.028610731,-0.244791065,-0.855890785,-0.712646034,-1.012053945,-0.144795432,-0.235889118,-0.423156899,-1.303478155,-0.615017504,-0.244665602,-0.110209891,-1.495722513,-0.161359057,-0.365365949,-0.345643376,-0.198398734,-0.907107432,-0.283073753,-0.481407542,-0.35192324,-0.388696859
1978,Spring,-1.149940694,-0.290454502,0.429473096,0.331311604,19.02875,-1.392002998,0.072410356,-0.555863538,-0.377440497,-0.259736704,-0.298563336,-1.123257007,-0.356969123,-1.173466787,-0.323527099,-0.410543151,-0.097875879,-1.341031873,-0.353069848,0.404487774,0.026840151,-0.680551898,-0.235331319,-0.068981954,-0.584873463,-0.024961846,-0.740402294,-0.209553559,-0.830420543,-0.392840284,-0.653041246
1978,Summer,-0.855741524,-0.00741668,-0.244589172,0.228734361,42.57269231,-1.18980971,0.167429618,-0.114766475,-0.95580976,-0.428781467,-0.507440083,-0.910630774,-0.097368754,-1.337898862,-0.695929227,-0.231826883,-0.421100415,-1.253338239,-0.527401247,0.304875979,-0.013127465,-0.460233823,-0.385293688,-0.825134692,-0.541960436,-0.118974648,-0.73343135,-0.20360829,-0.92613745,-0.424985027,-0.514401662
1979,Fall,-0.890902056,0.056911183,-0.680578581,0.131196062,36.72052941,-0.064669299,-0.096932325,0.144982934,-0.483755279,-0.367231391,0.196541735,0.659631063,-0.106972534,1.277171716,-0.234138472,1.100865093,-0.059359713,-0.347496242,0.301092418,-0.249059084,-0.106149017,0.145742315,-0.02901228,0.523972132,0.167641928,-0.001493819,1.773241712,-0.220132264,0.235993963,-0.283880986,1.408079663
1979,Spring,-0.160554221,0.15861382,-0.581274294,0.054663061,49.89764706,1.278808203,0.166763217,0.496025746,-0.37114451,-0.196878325,-0.876064325,0.774105338,0.15054812,1.48582956,0.374336697,0.908620074,-0.080960986,0.539606758,0.053605264,1.142252677,-0.006404793,-0.059537546,0.267027276,1.059599854,0.070948464,-0.183430922,-0.01950076,-0.188094378,1.209838948,-0.439863298,2.064980866
1979,Summer,0.092914767,0.064560567,-0.28434996,0.243104299,51.31947368,0.799408357,0.068406314,0.335009532,-0.533350004,-0.220511585,0.431441854,-0.653433598,0.076147298,1.432126258,-0.241579532,0.825933128,-0.466837111,-0.966784805,0.471170122,0.848366174,-0.01773183,-0.025978001,-0.13528336,-0.229375468,-0.155093012,0.173663806,0.000591835,-0.277199107,-0.285987988,-0.355990406,0.769588451
1979,Winter,-1.02531052,0.80032662,0.618310225,0.737080768,20.44571429,-0.632842689,-0.263822443,-1.030255305,-1.185832496,-0.817712644,-0.175626315,0.07319536,-1.236554449,0.878436006,-0.686133403,0.933458809,0.133163872,-1.207898925,0.755171063,0.31054707,-0.25170881,-1.533970255,-0.196236446,0.162850087,0.155067029,-0.212698616,1.947542803,0.14180325,-0.443025099,-0.842188709,1.386788188
1980,Fall,-1.0128661,0.572931875,-0.371144243,-0.195907985,41.87594595,0.092874266,-0.063291664,-0.111004761,-0.087372544,-0.269010073,0.188713413,-0.0344737,-0.109700386,0.75424853,0.119243569,0.596868813,-0.044142404,-0.500665024,0.996067524,0.097735943,0.237740468,-0.057846096,-0.24343585,1.320815102,0.80426418,-0.025988994,1.98972707,-0.169354322,1.066081239,-0.31763662,0.176957258
1980,Spring,0.430215451,0.628866532,0.17903241,0.23928244,14.11111111,0.864993584,-0.205836946,0.230313763,-0.208823584,0.000388859,-0.251446656,-0.665347968,1.063646812,0.826833529,-0.189449656,0.975325515,-0.053635802,-0.780073593,0.505511416,0.471486522,-0.019257334,0.288499589,0.118806756,-0.878702817,-0.11050745,-0.088976924,0.137888132,-0.183237705,-0.736876498,-0.409261869,0.389862547
1980,Summer,0.368666805,0.656623281,-0.502503294,0.077406924,54.219375,0.228642543,0.034280106,0.038015526,-0.584116988,-0.191249305,-0.025785498,-0.242860581,0.032751321,0.300760244,0.025116083,0.531039423,-0.767344048,-0.927371848,0.058665312,-0.671442934,0.005443791,0.00852297,-0.123581506,0.333773313,-0.170597993,0.033391635,0.127998816,-0.105319153,0.410389812,-0.506770954,-0.00682418
1980,Winter,-2.306751685,0.530326524,-1.929529304,0.12759652,27.656,-0.047521201,0.06308543,0.075544304,-0.53579838,-0.798505135,-0.282473479,-0.651150797,0.414787373,0.386385669,-0.219771763,0.804549586,-0.600255994,-1.040671019,1.184417127,1.583954565,0.137183053,0.382394349,-0.159651892,0.853362871,0.223710658,0.006253614,0.898593398,-0.146229595,0.62747306,-0.746990975,0.611744631
1981,Fall,-0.832391392,0.067359573,NA,NA,34.274,0.449945398,-1.071012607,0.164089925,-0.202433226,-0.079768556,-0.02064155,-0.02536576,0.085348039,1.20204075,0.658253687,0.162610572,-0.592329334,-0.06230829,-0.296093199,-0.812652193,-0.232093142,-0.672785273,0.016429356,0.487573004,0.182877993,0.501085585,0.672982015,0.19346225,0.572364163,-0.375074174,0.037323392
1981,Spring,-0.106520387,0.112475675,-0.393260835,0.112849846,10.81512195,0.364405944,-0.020647566,0.188608638,-0.096122284,-0.236000049,-0.061091128,-0.572392637,-0.366407519,0.008109053,-0.13181412,0.574077893,-0.063380398,-1.591220264,0.566901547,1.052437461,-0.028638915,-0.120191389,-0.110768244,-0.142043686,0.248534298,-0.048471911,-0.119946168,-0.076884911,-0.275561907,-0.237689984,-0.318088741
1981,Summer,-0.369237176,0.465896785,-1.01770576,-0.225857768,55.30963636,-0.699432883,0.163886343,0.040741681,-0.165904295,-0.069927513,0.616001271,-0.025256223,-0.091832694,-0.459203311,0.492497994,0.21233737,-0.714455232,-1.245826962,-0.029861,-0.415415149,-0.012790396,-0.491818743,-0.097402981,0.00935235,-0.0696079,0.123715724,-0.283732355,-0.2010459,0.007558911,-0.55413484,0.167563464
1981,Winter,-2.150636143,-0.197912474,-0.895216811,-0.030653169,21.78423077,0.268831473,-0.475451936,-0.041767067,-0.747866706,-0.801017799,-0.141577948,-0.126447416,0.032553354,1.734284751,0.280369967,0.688102286,-0.607135845,-0.684874083,-0.493988779,0.695048908,-0.285760166,0.471555746,-0.111001778,0.319551148,-0.012991408,0.035423749,1.389018094,-0.150074583,0.436257784,-0.3025325,1.774219335
1982,Fall,-0.586388535,0.373082954,NA,NA,38.1937931,-0.432516783,-0.620353334,0.211565977,0.022065349,-0.16951432,-0.076473231,0.282350931,-0.398599429,-0.129727281,0.256178299,0.080532154,-0.353693195,0.060334618,-0.474257169,-1.335915544,-0.231307143,0.376085701,-0.053462078,-0.275086334,-0.242791197,0.087008368,-1.237150327,-0.268925458,-0.115776224,-0.498354995,0.516710628
1982,Spring,-0.721106937,-0.399085632,0.43571243,0.088790092,18.40722222,1.04557909,-0.396144299,0.05102495,-0.073543844,-0.270163774,-0.337382879,0.797326017,0.116436218,1.628201566,0.157623771,0.867598569,-0.114716798,0.456289874,-0.147857036,1.517738923,-0.032139498,0.229970063,0.017986687,-0.095907024,-0.114732591,0.067598975,0.676168174,-0.108990425,0.155969067,0.699716787,0.866225323
1982,Summer,-1.572096189,0.579051012,-0.368652291,0.311590495,38.84936508,0.577357742,-0.27180207,0.691803733,-0.293696794,-0.464524134,0.083202372,0.190634236,0.189273506,1.7898634,1.207254651,0.802572537,-0.218210633,0.869918761,-0.040113438,1.472148912,-0.017575848,0.287113362,0.058639853,-0.06308522,0.103031008,0.097914389,-0.279449848,-0.23517629,-0.000841611,-0.252948294,1.316015077
1982,Winter,-1.143962687,0.383556671,-0.701711521,0.236579398,34.26514286,-0.617757422,0.730262636,-0.27899271,-0.668363143,-0.221047588,-0.15550005,-0.808838137,-1.348611472,-0.562200191,-0.002196307,0.276994065,-0.647669109,-0.015148549,-0.356917744,-1.080880321,-0.272507105,-0.608890004,-0.192667652,-0.587778587,-0.26814728,0.015642136,-1.199837291,-0.17419465,-0.350504953,-0.839610691,-0.16513141
1983,Fall,NA,NA,NA,NA,23.63258065,-0.474454137,-0.015476757,-0.238400812,-0.546318664,-0.524287192,-0.036853819,-0.671841138,-0.582567749,-0.955329449,0.012140996,-0.852294357,-0.320913703,-1.34630878,-0.736398754,-1.718778381,-0.142242387,-0.984558229,0.08267689,-0.614096597,-0.235424275,-0.135884746,-1.196864352,-0.233816478,-0.432969592,-0.451799207,-0.28973169
1983,Spring,0.979125374,0.275141667,-0.010536025,0.027126648,48.38317073,-0.122994239,-0.047407256,-0.21688445,-0.132456552,0.075966505,0.341506043,0.245697777,-0.257118842,0.197612603,0.173102634,-0.348129586,-0.140715115,0.363949484,-0.291580385,-0.677169491,-0.030749142,-0.350114141,0.228259371,-0.211017701,0.108598437,-0.011716417,-0.285513372,-0.095004749,-0.084938005,-0.547324868,0.561247299
1983,Summer,1.558761766,-0.337417729,-0.757205976,-0.605656904,22.85340426,0.195862406,-0.66525668,-0.045940334,0.154794466,-0.056743327,-0.403285957,-0.714087898,-0.095483372,-0.667013944,1.263770272,-1.098538342,-0.393868453,-0.568950324,-0.51857864,-0.852174819,-0.01219644,-0.21485188,0.032333739,-0.254818248,-0.356975096,-0.099717973,-0.507617878,-0.327584028,-0.19402921,-0.617747931,0.116045429
1983,Winter,-0.214774831,0.229071814,0.332272018,0.428712359,17.74717949,-0.860212841,0.364565617,-0.767423136,-0.665910165,-0.461010307,-0.118806964,-0.907155509,-1.277107717,-0.968986291,-0.1994473,-0.56371074,-0.303868044,-0.713990727,-0.452467455,-0.873276991,-0.049453739,-0.80401385,-0.201463691,-0.210940473,-0.193515532,-0.211721739,-0.790015934,-0.092389806,-0.254834848,-0.665250119,-0.033109008
1984,Fall,0.46855529,0.013213679,NA,NA,21.72103448,-0.079969003,0.096906505,-0.314808222,-0.317665757,-0.038068513,0.020953768,0.117715251,0.359170077,-0.829655105,0.20557053,-0.626460078,-0.062717667,-1.518353363,-0.879674163,-1.640107996,-0.268204967,0.565908062,0.088873399,-0.551811026,-0.30710079,-0.126116572,-1.024301734,-0.102563751,-0.281010633,-0.403998604,-0.379267166
1984,Spring,NA,NA,NA,NA,24.1947619,-0.698769622,-0.124516528,-0.389136382,-0.324281043,-0.261507901,-0.307114986,0.498118149,-0.114521348,-0.735268996,-0.189743564,-0.897833556,-0.196818087,-1.135959242,-0.286361294,-0.591904312,-0.006037613,-0.33324828,-0.038738895,0.108277763,-0.230063092,-0.072223255,-0.37222959,-0.178993408,0.197906097,-0.692181876,-0.277837445
1984,Summer,-0.758950044,-0.222249135,-0.2355758,-0.032140333,22.0024,-0.867183163,-0.575487008,-0.450901466,-0.477088434,-0.222155251,-0.606884917,-0.749838464,0.149453069,-0.939424884,-0.013055443,-0.8513381,-0.921110244,-1.677912823,-0.397951357,-1.207114915,-0.016710544,-0.222693552,-0.195187516,-0.823727337,-0.451361763,-0.345708394,-0.740124009,-0.298565316,-0.846472712,-0.536029118,-0.27066636
1984,Winter,0.060497558,0.103448274,0.770979619,0.087446144,14.57955556,-0.115038034,0.222116215,-0.358739872,-0.424394661,-0.239563936,-0.128145433,-0.79730849,-0.836782392,-1.333613509,-0.039870084,-0.655030368,-0.030121744,-1.912336554,-0.550064636,-0.793324503,-0.122311395,-0.739462195,-0.16636115,-0.168682252,-0.145039569,-0.037744978,-0.915060732,-0.183562229,0.063409674,-0.799844553,-0.490770294
1985,Fall,-0.639004098,0.271076236,0.593559552,0.142384798,28.52017241,-0.46237693,-0.066701654,-0.595236626,-0.643670289,-0.250512628,-0.219374895,-0.160496069,0.304790315,-0.58181564,0.345457938,-1.088842327,-0.446118267,-1.056443779,-0.603025485,-1.322628607,-0.162263941,0.518128217,-0.182364876,-0.369117721,-0.259400731,-0.081540963,-0.868669302,-0.25892503,-0.14336679,-0.304929619,-0.220721042
1985,Spring,0.544750788,0.906404842,0.474789116,0.363554291,25.828,-0.295154712,-0.505893293,-0.669383222,-0.176011563,0.080507916,-0.957300232,-0.814667004,-0.045159986,-0.529724836,-0.075228976,-1.181229561,0.072672042,-1.347829765,-0.30919764,-0.746322433,-0.00291973,-0.105079975,-0.113169327,-0.420461493,-0.342053494,-0.162783142,-0.49099899,-0.22133173,-0.670078902,-0.559011067,-0.182717099
1985,Summer,-1.012411019,1.071891842,-0.583715316,-0.162704356,26.43791667,-0.996295414,-0.212025066,-0.181575953,-0.059760194,-0.026419507,0.117432411,-0.22517321,0.048499201,-0.781535253,1.678556496,-1.517294525,-0.236171278,-0.856326588,-0.320774051,-0.965988135,-0.018349461,0.074003003,-0.066809744,0.046901039,0.135166653,-0.129952431,-0.745089716,-0.1625459,0.136817539,-0.472862726,-0.125734393
1985,Winter,-0.976049097,0.464456717,0.177545533,0.34626708,17.89386364,-0.736199288,0.294449806,-0.720175572,-0.913399758,-0.573216972,-0.150785823,-0.659729299,-0.808131591,-0.821258775,-0.323982164,-0.538913016,-0.506401734,-1.689885322,-0.824359179,-1.041761329,-0.166177457,0.557805812,-0.149911835,-0.682592699,-0.316323102,-0.14521358,-0.973574773,-0.159273552,-0.623513921,-0.790579235,0.219407738
1986,Fall,-1.760349364,0.330885373,0.080616166,-0.249879555,30.29363636,0.108192923,0.147757699,0.474745152,0.415723163,0.071121905,-0.15517839,-0.261268326,0.478461468,-0.408301407,0.122883696,-0.099863205,-0.277184241,-0.067242507,-0.334808504,-0.682069411,-0.174063587,0.549146628,-0.108972461,0.12361692,-0.227178334,0.051696168,-0.925265409,-0.07921125,0.026531231,-0.304306792,-0.049697726
1986,Spring,0.558743222,0.314694709,0.130388944,0.046880404,16.91861538,-0.64003217,-0.10234898,-0.605486721,-0.316302027,-0.134647485,-0.03985202,-0.673740882,-0.232539498,-0.468557247,-0.097585473,-1.073946053,0.12295153,-1.096575567,-0.569235877,-0.801245287,-0.018598829,-0.004817915,0.101375411,-0.099740013,-0.17733851,-0.005572766,-0.792386979,-0.013632907,-0.267789758,-0.439228374,0.283048997
1986,Summer,-0.397522363,0.606483284,-0.396686346,0.077437541,38.3959375,-1.180931804,-0.162014282,-0.737357289,-0.753406366,-0.179059862,-0.602753764,-0.310564155,-0.099690732,-1.386914581,1.0303608,-0.955589468,-0.661625401,-1.222196078,-0.137568239,-0.991694246,-0.009522651,-0.413570943,-0.274167577,-0.810960132,-0.477301524,-0.233650032,-0.692589849,0.024500962,-0.838921153,-0.645562176,-0.291210013
1986,Winter,-1.661060985,0.376381354,-0.40449636,-0.009283496,24.98583333,-0.509440227,0.127275724,-0.028226203,-0.414610157,-0.423562126,-0.001760032,-0.648167048,-0.578791002,-0.345807733,0.038601779,-0.366965257,-0.596884472,-0.709239188,-0.464722642,-1.203383264,-0.294271497,0.472211665,-0.105647152,0.078694639,-0.035306978,-0.02640308,-1.098864851,-0.000607372,-0.0236147,-0.567115623,0.160050177
1987,Fall,-0.863910568,-0.21685384,-0.160642342,0.089898997,25.13888889,-0.067871689,0.027323591,0.21622091,0.085987312,-0.068495707,0.016063332,0.058555668,-0.360308765,-0.262985006,0.210692077,-0.214145691,0.132629362,-0.699255074,-0.294479102,-0.306100268,-0.074929658,-0.242288577,0.028459353,-0.310981949,-0.103389533,0.077895422,-0.622994433,-0.140421104,-0.124391362,-0.093421056,-0.095728153
1987,Spring,1.482472792,0.322280996,NA,NA,32.87068966,-0.779405095,0.374295723,-0.154420518,0.372866854,0.09350498,0.562964603,1.986487714,-0.101212333,-0.132533977,0.233167235,-0.566677588,0.074884946,-0.480521283,-0.216567605,-0.529530286,-0.01041279,-0.364378044,-0.106033431,1.33394853,0.560844826,0.407118247,-0.061198917,0.300211101,1.401792862,-0.08748798,0.179884132
1987,Summer,0.408225476,0.133690092,-1.280912969,-0.162031691,33.83166667,-0.912267504,-0.129960421,-0.587085972,-0.302647981,-0.196061717,0.258694185,-0.097557025,-0.143852667,-0.503605685,0.20088534,-0.722022297,0.009467857,-0.786011874,-0.206347353,-0.456137955,-0.009021786,-0.300340551,-0.039249498,-0.262561517,0.016686295,-0.082364776,-0.117460659,-0.043529759,-0.366681576,-0.38669452,0.154567974
1987,Winter,-2.11307483,-0.245595331,-1.543770793,0.296313612,21.95,-0.72811183,0.694494335,0.201481227,-1.189846026,1.24191917,2.289819056,-0.98738546,-3.284397496,1.30721316,0.936788069,0.054379196,-0.655617911,-2.302816333,1.533765478,0.170138555,-0.356157941,-0.138242972,-0.199174361,-1.061402808,-0.4570531,-0.211844642,-1.298986981,-0.182011861,-0.819409444,-0.850916921,2.417813294
1988,Fall,-1.8428043,-0.001765961,-0.374730166,-0.474781239,32.10811321,0.326578763,-0.152614455,0.451446311,-0.101024379,0.722544104,-0.205257513,-0.780935904,0.131444081,-0.611084249,0.546065786,-0.600130619,-0.030014755,-1.364904333,-0.770312774,-1.19643645,-0.266989802,0.112223289,0.093584859,-0.607217089,-0.310077908,0.17350649,-1.166915849,-0.270849751,-0.336605179,-0.323706088,-0.234510035
1988,Spring,NA,NA,NA,NA,15.8962069,-1.022284232,-0.650149675,-0.776659545,-0.18765578,0.010466173,-0.645577771,-0.687067725,0.071003183,-0.755822186,0.125849131,-1.610883101,0.122006921,-1.590772506,-0.046844153,-0.27427159,-0.005182817,-0.291911946,0.127753619,-0.66870057,0.034266827,-0.10408558,-0.591479394,0.053084532,-0.641788474,-0.370524314,-0.428744126
1988,Summer,NA,NA,NA,NA,12.49,-1.332164393,-0.482709092,0.688439996,-1.459301304,0.46812182,1.908101894,-0.623794072,-1.480267878,-1.02536695,-0.931885752,-0.499039731,-0.92394512,-2.039439571,-0.687393904,-1.911340439,-0.044809214,-0.817649386,1.010411052,-1.555838148,-0.565914773,-0.368037789,-0.864714365,-0.515299625,-1.4171553,-0.279631591,-0.337884637
1988,Winter,-2.361059563,-0.047640365,-0.628563841,-0.316912692,25.08380952,0.371389415,-0.325405167,0.55332182,-0.092349763,0.310392234,-0.218058067,-0.867860488,-0.728262907,-1.272986064,-0.266742929,-0.859008086,0.130805649,-1.073183524,-0.687300048,-1.165599127,-0.343020442,0.347529745,-0.192423909,-1.037809791,-0.379342579,0.023269258,-1.202210132,-0.173752964,-0.800766637,-0.706042878,-0.487096899
1989,Fall,-0.711375429,-0.295253349,-0.071394203,-0.575317824,46.08862069,0.498380879,-0.245565641,0.765848256,0.541941174,0.945240286,0.377803842,0.711082202,0.583075039,0.38487569,0.923638576,-0.367054331,1.06709942,-0.229777842,0.015765215,-1.587734388,-0.297083804,-1.048117995,-0.046233714,0.099441825,0.41842706,0.107760322,-0.621995038,0.083688512,0.232021359,0.553838984,-0.111776253
1989,Winter,-1.148774262,0.138648139,-0.906634895,-0.254045134,18.5409375,0.596045857,-0.194724852,0.999205002,0.415788441,1.059768562,-0.170140868,-0.448137385,0.215840186,-0.952036012,0.064181,-0.305043296,0.251785231,-0.502856356,-0.439933785,-0.684848427,-0.143778444,-0.255157302,-0.195200656,0.227583354,-0.045319561,0.25631942,-0.948046947,-0.120579499,0.353647487,-0.553868633,-0.319375634
1990,Fall,-0.07897049,0.060494451,0.581037409,-0.432768315,26.28933333,0.737185366,-0.972832027,0.58598997,1.170924728,1.120484276,0.195528794,0.478266753,0.711987903,0.42075158,0.634268768,-0.338303312,1.19905653,1.666364394,0.950780154,-0.370085822,-0.085957377,0.70133922,0.219506489,0.040141536,0.10985286,0.638795829,0.028504793,-0.110382173,0.304261933,-0.313103575,0.787958465
1990,Spring,-0.389263143,-0.086420466,-1.173592882,-0.390282735,68.89555556,0.591527782,-0.312383806,1.350885118,0.452869458,0.402900594,-0.548186543,2.495943513,-0.589785555,-1.017705173,0.319247528,-0.879935361,0.452291162,1.877874253,-0.418472967,-1.074443587,-0.019201721,-0.755616443,-0.250829202,0.060764532,1.513364853,0.474826741,-0.279950497,0.162499456,0.214699054,0.155210995,-0.78934966
1990,Winter,-1.657671707,0.258241665,-0.626387772,-0.380971993,13.2615,0.463444526,-0.623039915,0.700288734,0.440832802,0.831859131,-0.175660189,0.66147549,0.349772532,-0.297573303,0.520886995,-0.195271068,1.374325335,1.196500187,0.765244571,0.069742464,-0.271345404,0.028747233,-0.003810564,-0.437670979,-0.053996177,0.442631241,-0.120520526,0.473473,-0.208469523,-0.623744922,-0.066312544
1991,Fall,-1.026641522,-0.438709872,0.520403404,-0.4843428,39.45541667,0.685146664,-0.512190708,0.522348794,1.183837219,0.955628991,0.182034225,1.156663104,0.031633025,0.949524509,0.696559446,0.300226489,0.038839846,1.167709901,-0.023833521,0.518907519,-0.247676618,-0.965215771,0.174911694,-0.386975682,0.068705521,-0.095677478,0.177664093,0.163283301,-0.208633142,0.688427731,0.555286848
1991,Summer,NA,NA,NA,NA,29.02545455,0.924880846,-0.002428333,-0.03695263,0.606822641,-0.41634654,0.662816708,-0.244636419,0.629151238,0.756625782,0.075451868,0.34591591,-0.569267268,0.734319947,0.202535376,-0.38779881,0.145097072,-0.324575216,-0.353220559,-0.617794902,0.481115552,-0.184711148,0.119195734,0.458245609,-0.494290614,0.442061707,0.037614516
1991,Winter,-0.407078102,0.069516581,0.132355269,-0.318520399,14.39363636,0.908775564,-0.938864003,0.710574248,0.669710116,0.381861901,-0.023114628,1.078617738,0.480166166,0.462920354,0.356909379,0.003259727,0.506108374,1.206362652,0.529365349,0.475239147,-0.183057809,-0.171319005,-0.113769291,-0.068604005,-0.040618546,0.218888667,0.011170573,-0.122690699,-0.017307076,0.570469645,0.105099492
1992,Fall,-0.817816765,-0.580064583,-0.634319217,-0.66745504,29.36423077,-0.145870086,-0.097136237,0.574008996,-0.611033768,0.582203579,-0.048041411,0.159360667,-0.84420992,0.883844879,0.47521731,0.353613947,-0.337884383,0.963758415,0.634616617,0.712181047,-0.071756517,-1.198992548,0.139202895,-0.756230231,-0.146031433,0.469087186,-0.974815067,-0.203967997,-0.556685645,-0.307039602,1.246999444
1992,Spring,-1.039270509,-0.185562649,-1.082127917,-0.586336029,28.65325,1.311808457,-0.484155351,0.559422966,0.709190386,0.401578999,-0.036716626,1.292272456,0.287853972,1.616487268,0.753112299,0.507244341,0.006041119,1.147693051,0.080860374,0.201226281,-0.030482823,0.308403571,0.032256905,0.038955598,0.050389166,0.166898598,0.233247019,0.700266865,0.282149003,0.687304775,1.718658727
1992,Summer,NA,NA,NA,NA,43.09090909,0.450334082,0.130753938,0.407645101,-0.445830444,-0.113827617,0.733669902,0.320754512,-0.599954145,1.101582374,-0.446890324,0.485881099,-0.478941262,1.302861131,0.408680287,1.237106002,-0.022796342,-0.51609818,-0.340068995,0.199728878,0.044843246,0.004527848,0.876366261,-0.158070181,0.145106756,1.135986743,0.163851976
1992,Winter,-1.138652572,-0.427211286,-0.633657401,-0.796135692,18.34142857,0.944623042,-0.884222363,0.907220317,1.849957801,1.134044475,0.245527445,1.06391156,0.626002377,1.69996071,0.808245577,0.153780123,0.211040458,1.077618651,0.305161697,-0.164169787,-0.168362621,-0.264128211,0.376009052,-0.34378761,0.03352612,0.136277852,-0.061288772,-0.036528443,-0.12303762,1.311402532,0.052876114
1993,Fall,-1.610064228,-0.304506909,-0.373843714,-0.494673123,27.77282609,0.400196723,-0.413263549,0.371661412,1.699422809,1.12367142,0.577073791,0.147604241,0.366788981,1.632640034,0.211414969,0.616543315,0.167427533,1.592376321,1.131492105,1.056543632,0.057684948,-1.0878784,0.392792076,-0.107030032,0.503862745,0.209850583,0.260919846,0.560697374,-0.28257328,0.879092268,0.879754888
1993,Spring,-1.383174929,-0.863227418,-2.950566148,-1.11133727,19.47166667,1.334119973,-0.038159113,0.293482769,0.077242587,-0.128470062,-1.116537141,0.097859763,0.0737349,0.692232894,-0.031823439,0.386349115,0.043622614,0.48233139,0.696546605,0.428963052,-0.002848768,0.367805523,0.259463006,-0.128230743,0.370285037,-0.069066832,0.711766324,0.143181717,-0.290348856,-0.147066302,1.00601792
1993,Summer,NA,NA,NA,NA,51.535,0.18138806,0.277920161,0.151506323,-0.373282926,0.215298659,1.174372392,1.327053895,-0.108131408,0.109277538,0.533617846,0.321600636,-0.451837192,1.280241518,0.30915409,0.087263881,0.27735633,-0.41517223,-0.023108898,1.022370274,-0.163230414,-0.24360543,0.06880683,-0.110675745,1.055652946,0.006062764,0.680961975
1993,Winter,-0.718785781,-0.334458982,-0.792084727,-0.616503286,19.88774194,0.694717877,-0.894108572,0.896910971,1.673445436,1.184166927,0.341830769,0.352133251,0.103550209,1.184304466,0.432956452,0.255701237,0.083709951,1.217553258,0.748772577,0.631153815,-0.137303768,-1.069935029,-0.189646712,0.188125992,0.271000517,0.127629122,-0.089146757,0.629469559,0.266648668,0.067984404,1.316536425
1994,Fall,-0.654136388,0.426692246,1.053961904,0.149201094,39.55125,0.234625512,0.006830142,-0.530587215,0.207530149,-0.529992673,0.022807768,0.400400462,0.311234163,-0.139175198,-0.388530604,0.213978232,-0.12522329,1.000604109,0.000417968,0.899722799,-0.199873759,1.006945483,-0.194488371,0.176662932,0.378630132,0.074143657,-0.241325176,0.273183026,0.159324583,-0.093108593,0.208810128
1994,Spring,-0.759304575,0.305304388,-0.470323901,0.083181465,27.36275862,-0.037959547,0.009778223,0.003944847,0.384826462,0.057883893,0.182091025,0.633951633,-0.124087694,0.470921994,-0.009283645,0.038306403,-0.196871092,0.722013826,1.120551253,0.05865655,0.071092544,0.063124594,0.122065247,0.278922555,0.185461205,-0.111702437,0.410367767,0.501852837,0.321174133,-0.072351152,0.747773146
1994,Summer,NA,NA,NA,NA,33.75,0.146864826,0.006169679,-0.424166475,-0.161781997,0.127940712,0.466140147,0.335761694,0.263010131,0.287616227,0.3778615,0.339510781,0.321439615,0.574324181,0.823247766,0.236821036,-0.008384516,-0.11073507,0.19595952,0.336011775,-0.387099438,0.26870127,0.501340381,-0.149610262,0.234273507,-0.658517041,0.902059118
1994,Winter,-1.005685985,-0.381282819,-1.584428432,-0.766707668,14.09,1.589706131,-0.693825708,1.419160161,2.298530725,0.770671694,-0.099005499,0.432718485,1.090845316,1.574880434,-0.107663043,0.274591485,-0.109423288,0.770746531,1.126867317,0.58590073,-0.042972575,0.45251528,-0.086684599,-0.306046018,-0.061234523,-0.080148085,1.278743067,0.469256862,-0.238639199,1.54102037,0.505134195
1995,Fall,-0.202144051,0.057710629,0.339353514,-0.046265905,22.95794872,0.352289324,-0.026043734,-0.062115939,0.288350829,-0.066742176,-0.070520575,0.525943652,-0.040449104,0.072025257,-0.131370555,0.182124419,0.428533685,0.297840811,-0.163550541,0.040311044,-0.126047852,-0.399265447,0.150767295,0.640478609,0.217914915,-0.173139395,1.29112376,0.490563335,0.714034657,0.451604931,-0.355709907
1995,Spring,-1.004257662,-0.01892845,0.391263465,0.05619445,39.6828,1.172972999,0.198021251,0.47414735,0.725093538,0.498938517,0.900759404,1.846457217,-0.081972866,0.645890958,-0.279133467,0.378300897,0.130235335,0.920478758,0.043664611,0.029599274,-0.007738645,-0.271988025,-0.042683494,1.03048925,0.651291509,-0.037916894,0.169558358,0.025461441,1.096611283,-0.136025146,0.894171675
1995,Summer,0.009672283,-0.077896571,0.171385344,-0.722058794,30.20659091,0.455292557,-0.088954096,-0.032932415,1.002804989,0.98223664,-0.2080403,-0.314500419,-0.102268772,-0.222609711,-0.302971417,-0.033733968,0.501646857,-0.008679074,0.023439955,0.129229906,-0.02170356,-0.120860576,0.157836418,0.676606475,0.01552381,-0.209118499,-0.014965091,0.103309385,0.73651968,-0.035349329,-0.137844103
1995,Winter,1.43275934,0.231434309,1.767988049,0.680275934,14.371,0.714874689,0.401737599,-0.14741151,-0.406871909,-0.441700587,-0.099524925,0.322045236,1.090294812,0.624576768,-0.406529624,0.460971264,-0.11135812,1.201711801,0.14825688,0.561297852,-0.042018316,0.890164193,-0.195808233,-0.278699106,0.024221272,-0.330325329,0.954997976,0.360467743,-0.250642135,0.63606241,0.19561456
1996,Fall,-1.643266401,-0.546488277,0.824839795,-0.216663657,35.1505,0.802350738,0.034228819,0.009557004,1.122189931,-0.516781464,-0.128508897,0.426145042,1.059810909,0.564865806,-0.61545831,0.430595923,-0.031196636,0.86427429,-0.654673862,-0.394449836,-0.243781326,0.160233505,-0.049460422,0.532778549,0.197191494,-0.13121721,0.917715149,0.156106791,0.6625945,1.284542233,-0.432928357
1996,Spring,-1.550622113,-0.320084414,0.165611713,-0.11207363,30.70529412,0.387520496,0.254767166,0.130813023,0.818430378,0.331096702,0.753000244,1.16260562,-0.083923394,0.748024724,-0.399674353,0.310973953,0.082073655,-0.366724175,-0.176023717,0.553666511,-0.008807192,-0.366110299,-0.316860722,1.376013571,-0.151416849,-0.0691422,0.646386079,0.300630268,1.410941056,0.409526739,0.933363148
1996,Summer,0.401229009,-0.918937208,-0.530794101,-0.427977145,33.55714286,-0.167255472,-0.191708408,0.249388083,1.074269185,1.145103191,0.152524536,1.235397003,-0.219965563,0.58479526,-0.173255443,-0.053824444,1.024395483,0.091042515,-0.028444467,0.137035256,-0.010010503,-0.483964755,0.123780089,0.696931072,-0.028080653,0.55415965,-0.039391864,0.456641236,0.731816471,-0.641197613,1.666671845
1997,Fall,-0.423568159,0.020190683,0.340252085,-0.147064041,28.9452381,0.495311433,-0.00712721,0.094968788,0.689739342,0.381732334,-0.085517448,0.043415666,0.218703891,1.082579149,-0.414122353,0.07188979,-0.268548915,0.99541243,0.041674307,0.52860698,-0.075810172,0.911523886,-0.117359239,-0.148015705,-0.253723679,0.033882639,1.034709533,0.200100199,-0.240782953,0.859288405,0.441307559
1997,Spring,-0.983674875,0.089865578,0.367506206,-0.05799539,22.4345,1.269846509,-0.001957496,0.287104054,0.188080686,-0.097724031,0.308854802,-0.225100588,-0.136790571,1.004790185,-0.137760052,0.748722609,0.211775727,0.730652214,-0.263989771,1.515338876,-0.005070271,-0.421905538,-0.302145961,0.092035598,0.210397069,0.012519365,0.777135992,-0.121124937,0.190792387,0.791829165,0.395119705
1997,Summer,NA,NA,NA,NA,39.22352941,0.692888938,0.156292535,0.167789147,0.955732809,0.561709127,0.273769655,0.978598984,0.122410649,0.670348296,-0.116830865,0.258375353,0.848755676,0.988187006,-0.135765491,0.269677234,-0.017256307,0.103995313,0.134487227,0.864915666,0.486450192,-0.218327711,0.228082711,0.165302234,0.930811096,0.544449053,0.380283387
1997,Winter,-0.056597367,-0.60595294,0.941413463,0.108412072,8.0525,0.888685189,-0.319645339,-0.217130236,0.07940834,-0.034353376,-0.061164454,0.817477676,0.753724925,0.87010412,-0.322607775,0.07182114,-0.044855505,1.279147665,0.351953177,1.193476545,-0.065417318,-0.679727357,0.190965092,0.387504389,0.054660292,-0.345038106,1.587844468,0.221770668,0.402079813,0.861685459,0.521003386
1998,Fall,-1.334564831,-0.513596598,-0.733399713,-0.25985658,29.54722222,0.069377328,-0.419934261,0.303508312,1.14093208,0.079868765,0.362187768,0.785944709,-0.296760315,1.637763431,-0.377261277,0.696096337,0.247169695,1.532482691,-0.103407585,-0.215487241,-0.269198125,-1.009464994,0.032265274,-0.162010078,0.631413162,0.107399926,1.607401691,1.081733376,-0.019532599,0.262825891,1.852575361
1998,Spring,-0.562683135,-0.922944518,-0.458570916,-0.572348644,26.61333333,1.142209301,0.033365861,0.469782727,1.094744455,-0.184345012,1.608047143,1.633652965,-0.009376597,1.134422835,-0.176213445,0.518268509,0.325624596,1.061180687,0.093333761,0.068903881,-0.005233562,0.34836655,0.014155495,0.852617796,0.654795877,-0.089693689,1.553013026,0.128104567,0.949745015,1.381794364,-0.060293539
1998,Summer,0.174206431,-0.646156019,-0.44655066,-0.275170936,27.91242424,0.63404882,-0.252355172,0.059116916,0.995294491,0.207962795,0.462787784,0.78078107,-0.785459715,1.185121357,0.089089301,0.252260852,1.034870847,1.355331743,0.738191633,-0.09102622,-0.018515494,-0.573462289,0.197286363,0.603972235,0.747219233,-0.107766906,1.880574216,1.88916214,0.315933231,0.454068413,1.141472034
1998,Winter,-0.097094513,-0.698964481,0.736266068,0.11311128,11.82928571,0.866577314,-0.014232949,0.146143829,0.710171697,0.142415145,0.046812905,1.978535134,0.642516183,0.549328726,-0.086310202,0.193750982,0.195170758,1.411352064,0.281116615,0.649613942,-0.063813464,-0.101609953,0.092939938,0.085687458,0.25530314,-0.215020925,2.229085971,0.571566211,0.052444474,1.429264299,-0.583849933
1999,Fall,-0.494310897,0.342011481,0.123158941,0.466352679,36.58434783,0.440341366,0.264032074,-0.257888474,-0.016394529,-0.255331547,-0.17258717,-0.013149287,0.536142485,0.586504074,-0.499999378,0.400556437,-0.105593175,1.26333967,0.607398547,1.200034089,0.18444346,0.650690048,-0.094336526,0.358326289,-0.281306676,-0.179720851,1.7845186,0.141187405,0.073501821,0.467563255,0.18735109
1999,Spring,-0.098517279,0.167728821,-0.346901084,-0.068638291,36.93647059,1.859007902,-0.070389748,0.858987569,0.054077415,0.174897439,1.203590611,-1.49468189,0.037172628,1.823582258,-0.311933382,1.393737482,-0.203985425,1.382790415,-0.010157702,1.633014611,-0.00582968,0.581668385,-0.058485977,-1.221176428,0.750597829,-0.074243226,1.110121396,0.249653565,-1.131027077,2.682021699,-0.705090285
1999,Summer,1.243891736,0.237482127,0.548251843,0.510287657,58.99375,0.727194155,0.195622149,0.085168772,0.195706867,0.016013173,0.368209194,-0.395356885,0.011021685,0.645889799,0.176348999,0.74400098,-0.460158043,1.074485668,0.415181138,0.926647915,-0.019501309,-0.192485063,-0.041636164,-0.039890707,-0.008141685,-0.24415909,0.43586449,0.226494444,-0.051997711,0.458959801,-0.096855709
1999,Winter,0.046259523,-0.261594625,-0.494463296,-0.22021274,32.34105263,0.863390088,-0.340554961,0.683000075,0.405011572,-0.084545071,0.794975065,1.196214403,0.204064054,2.04164162,0.500234137,1.280125982,0.414603913,2.747110783,0.623394419,1.070059179,-0.0612219,-0.493182367,-0.144871225,-0.458340799,2.200519816,0.164768279,1.617050953,1.896166461,-0.159148039,2.056149899,0.273711071
2000,Fall,-0.604665572,0.161556781,0.967268353,-0.026724453,30.2825,0.63548415,-0.540270593,-0.101743112,0.29262537,-0.151229905,0.203481547,0.890984461,0.625118605,1.266884847,-0.222219025,0.591607213,1.189706822,1.618661554,1.423774879,0.06866398,-0.196244008,0.931167256,0.19860215,0.33393349,0.526258429,-0.118325919,2.045098053,0.84225026,0.368048806,0.774118441,0.146049864
2000,Spring,-0.50323754,0.616161002,0.519563515,0.224254456,37.83583333,2.030946939,0.323502719,0.406030815,0.036152831,0.182965119,0.309696103,0.77505808,0.566518215,0.365241262,-0.372609016,0.770706294,0.484096091,1.059241755,0.547598144,0.511911091,-0.008260399,1.197798422,-0.315725774,0.614201967,-0.303383889,0.015782089,1.30703622,0.310829899,0.674371325,-0.216599971,0.861820958
2000,Summer,0.213470302,0.096176514,0.209321896,-0.126223725,40.98135135,1.233340343,0.171000916,-0.22586269,0.791842342,-0.263814754,0.582461279,1.9496389,0.168029226,0.904649653,0.03748395,0.422685276,1.340657349,1.449389768,0.335995932,0.4406343,0.092080015,0.141522876,0.267856034,1.277777282,0.272092067,0.06322376,1.512367604,1.054384337,1.205969552,0.242394145,0.655576591
2001,Fall,-1.179202853,0.137733303,-0.164904855,-0.001437064,33.95911111,-0.869929399,0.411857803,-0.113171689,-0.086192216,-0.292333779,-0.094622516,-0.483208504,-1.201921672,-0.63284194,-0.405337355,0.287757717,-0.155567493,0.098681524,0.372352423,0.051703803,-0.152545524,-0.172697222,0.002572952,-0.408835232,-0.170110251,0.009566089,-1.069214147,-0.103293935,-0.439858347,-0.172569088,-0.418897584
2001,Spring,-0.875656385,-0.46405628,-0.73796702,-0.390205852,97.8865,1.560103625,0.379569133,1.041770745,0.938301262,0.415406604,2.388363616,1.902191885,0.759858353,1.869295127,-0.244727212,1.334913183,0.162850816,1.732905859,1.111619156,0.475298636,-0.007611738,0.241740868,0.472797953,0.913208141,1.092964491,0.34788968,0.804760021,0.087855035,0.982235614,1.685965635,0.628978304
2001,Summer,-0.770191632,-0.105166346,0.16421747,0.008806981,45.7959375,0.025673426,0.153016396,0.272331012,0.764737146,0.487439955,-0.143933612,0.487803328,-0.933659458,0.72779059,0.029769358,0.596231856,-0.130967366,0.865324377,1.497040819,1.335376024,-0.025343278,-0.550808174,-0.033157848,0.277436218,0.241146283,-0.050800206,-0.286600094,0.340239551,0.348859674,0.067309072,0.491695304
2002,Fall,-0.413225014,0.509372207,1.101482147,0.039001911,28.26032258,-0.062881531,0.127198296,-0.870868879,-0.222695033,-0.170101444,-0.053325265,-0.672705408,0.207876396,-1.043143088,-0.047007463,-0.437543842,0.201238434,-0.022924209,-0.208958711,0.012431529,0.091329663,1.011289821,0.116267861,-0.069947544,-0.189390847,0.094914201,-0.987618893,-0.070596328,-0.056534932,-0.441878367,-0.300585232
2002,Spring,0.038417305,0.253955814,0.226772984,-0.024169374,11.55888889,-0.564386618,-0.625838687,-1.410544624,-0.177942388,-0.150492611,-1.289040519,-1.490764882,0.073281358,-0.206258666,0.010409835,-0.872622605,-0.127752544,-0.847408091,-0.065673157,-0.478387086,-0.007037671,-0.283492377,-0.026141293,-0.849480897,-0.411303193,-0.151285061,-0.620229592,-0.027577577,-0.95964021,0.180444656,-0.318415051
2002,Summer,0.653239768,0.173873068,0.513794293,0.013270831,44.28755556,-0.741533127,0.214046995,-0.78424574,0.154274289,-0.102395657,-0.143931785,-0.385219876,0.152911067,-0.74699737,0.638581995,-0.656254669,0.001927179,-0.085891178,-0.07699915,-0.133103297,-0.022107045,-0.354545557,0.081459934,0.059470941,0.02118817,-0.008157502,-0.731930667,-0.116899929,0.090881495,-0.227163078,-0.240033587
2002,Winter,1.253197466,0.164712485,0.757343398,0.126390271,23.2495,-0.042144863,0.693032856,-0.03286762,0.051262275,-0.239162837,-0.07123823,-0.868777689,0.329155516,-0.66858433,-0.055073218,0.316334806,-0.05655208,0.880168205,-0.11879628,-0.649062488,-0.062826844,0.163781753,-0.26338765,-0.332961997,-0.350887796,-0.156401636,-0.923722772,-0.055138501,-0.28258205,0.278926091,-0.642202399
2003,Fall,-0.985970175,0.129329643,-0.073447621,-0.039375695,32.31208333,-1.045701759,0.425322429,0.094141497,-0.095762004,0.110101054,0.013975926,-0.107490314,-0.083890744,0.102330869,-0.424388284,-0.356021909,0.041635922,-0.280698099,-0.349499674,0.321913771,0.278789149,0.592658438,-0.018612919,-0.175002434,-0.299666284,-0.006087973,-0.394328658,0.018899835,-0.459408836,0.542298249,-0.147974051
2003,Spring,-1.767377038,0.469186518,-0.849381052,-0.060233328,100.5690476,-0.558581517,-0.016578002,-0.283384342,-0.451507304,0.078145797,-0.568433994,-0.905736717,-0.091740122,-0.59409337,-0.336118565,-0.10122629,-0.317990325,0.64248576,-0.159459561,-0.536378695,-0.006919851,-0.432021436,-0.076899157,-0.55277765,-0.59803493,0.018284845,-0.622517238,-0.060297324,-0.506349949,-0.535596445,-0.019601371
2003,Summer,-1.233932007,0.335182722,-0.226409906,0.316360996,36.17052632,-0.617992041,0.290298907,-0.317413085,-0.079718285,0.531288941,-0.257863263,0.076707449,0.16754208,-0.612499212,-0.097702352,-0.538874164,0.608599653,-0.745512995,-0.073353654,-0.198569891,0.181890745,-0.305614598,0.121285923,-0.127751752,-0.072483266,-0.376363179,-0.789418944,0.119791073,-0.093492981,-0.238580452,-0.198597554
2003,Winter,-0.432510616,0.508475848,0.860462343,-0.059155276,13.93136364,-0.829682787,0.364201083,-0.562392867,-0.184374337,-0.270922751,-0.072125714,-0.859811436,0.312540218,-0.396696145,-0.137296464,0.154657191,0.038123509,0.031533288,-0.178834571,-0.549924463,0.068148659,0.732394747,-0.036804005,0.000992159,-0.349651346,-0.25827103,-0.658925715,0.021119373,-0.040285775,0.098762504,-0.205766494
2004,Fall,-1.107207992,-0.250883775,-1.241294161,-0.430094832,29.02293103,-1.953241915,0.338217795,-0.287125564,-0.123899302,-0.209268823,-0.083133482,-0.33913769,-0.672093235,-0.451929289,-0.537652578,-0.494115907,-0.365494815,-0.341082569,-0.017945632,0.489280008,-0.160032424,-0.568722937,-0.135843342,-0.349529919,-0.175099765,-0.188806474,-0.359950747,-0.150565631,-0.278175835,-0.036823008,-0.114831401
2004,Spring,-2.117069483,0.11978327,-1.304494673,0.028228244,76.961,-1.064571648,-0.102002298,0.052701454,-0.213868353,-0.107258875,0.463500973,-0.5960622,-0.114128773,-1.059339111,-0.048136952,-0.920202389,-0.301523657,0.655176361,0.067863201,-0.495462132,-0.005413613,-0.311111735,-0.230791799,-0.652165073,-0.070368581,-0.040294244,-0.327047543,0.083539595,-0.948825956,-0.213689451,-0.656242229
2004,Summer,-0.855063773,0.077719978,-1.274736052,0.108346001,44.29965517,-1.299340333,0.25417308,-0.210320727,-0.559397433,-0.122502592,-0.394732617,-0.670375148,0.158826753,-0.441806984,-0.69194047,-1.030538083,-0.508063053,-0.383228376,0.16041726,-0.404206799,-0.014690992,-0.526885376,-0.068219517,-0.673583059,-0.308014363,-0.256286039,-0.590928648,0.030223346,-0.699568388,-0.314223811,0.280813324
2004,Winter,0.040357582,0.618069831,1.058384613,0.846892935,25.6625,-1.794564976,0.893817898,-0.995157459,-0.528637491,-0.358357826,-0.070875304,-1.059241852,-0.019735479,0.524893303,-0.333352332,-0.14235949,-0.054986181,-0.094866471,-0.765341782,-0.20815023,-0.063625481,0.504721917,-0.265627475,-0.661367148,-0.350003103,-0.347698992,-0.92572697,-0.050194018,-0.348666426,-0.115360062,0.947613272
2005,Fall,-0.889778817,-0.488091255,0.078980196,0.145768771,18.79676471,-1.837152599,-0.09165484,-0.519012753,-0.257993645,-0.224183375,-0.187233471,-0.581870069,-1.119933048,-0.625705191,-0.352148706,-0.320067356,-0.545518807,-0.720180939,-0.555588002,0.431714189,-0.042177158,0.656351216,-0.000711472,-0.514721568,-0.257631052,-0.017415871,-1.060732138,-0.100657632,-0.342849823,-0.129733097,-0.218352103
2005,Spring,-0.772968416,-0.428169057,-1.482886751,-0.821733981,43.04208333,-1.190027128,-0.295756036,-0.962921872,-0.257495371,-0.145136154,-0.391409414,-0.760584945,-0.122607546,-1.19699307,-0.245253526,-1.105544597,-0.118868256,0.23687095,-0.0285073,-0.556358351,-0.013576408,-0.163619254,-0.2026329,-0.684730002,0.03702834,-0.054863307,-0.582098986,0.095119961,-0.708369862,-0.510854944,-0.712840513
2005,Summer,-0.630932553,-0.525513545,-0.094217111,-0.126923627,24.48282609,-1.363117382,-0.230667824,-0.59415404,0.138340943,0.37562473,-0.292736495,-0.500279925,-0.490240803,-1.13604062,-0.349667173,-0.814833535,-0.047453766,-0.862956353,-0.214891996,-0.336920334,-0.024428473,-0.27040759,0.052246289,-0.168307049,-0.307018449,-0.109531552,-0.667510341,-0.119963505,-0.139605131,-0.460288846,-0.239199639
2005,Winter,-0.940719755,-0.698945464,-0.959418818,-0.472748448,18.47941176,-1.164268374,0.53203967,-0.063672096,0.087686695,0.056590242,-0.063915784,-0.58374782,-0.285271048,-0.922067885,-0.021439205,-0.511437876,-0.047578064,-0.064921158,-0.472824285,-0.646018004,-0.065000678,-0.125386122,-0.196555411,-0.424276417,-0.258718081,-0.136893502,-0.930183916,0.155491479,-0.153992874,0.052075973,-0.665888821
2006,Fall,-0.439066296,-0.041960475,0.932316512,0.156654258,28.4173913,-0.356931601,0.093180654,-0.255988112,-0.221947429,-0.07781605,-0.063456188,-0.359794104,0.470771179,0.007899954,-0.192038179,-0.02737264,-0.269317961,0.380888162,-0.758574641,-0.021792357,-0.107050495,1.495932513,-0.159075362,-0.313821794,-0.233983587,0.009982305,-0.157690197,0.003183409,-0.269800211,0.297848988,-0.093057108
2006,Spring,0.08879077,0.176101742,1.125867356,0.52840402,102.2,-1.141241115,-0.281184051,-1.750865096,-0.301954125,-0.270882553,1.048206731,0.099417667,-0.130285171,-1.182519988,-0.215276741,-0.738171681,-0.292119872,0.597000859,-0.385325322,-0.723893787,-0.004508925,0.021484932,-0.176777333,-0.361948634,0.094192116,-0.170897301,-0.173910239,-0.202505809,-0.257860915,-0.664353071,-0.50933391
2006,Summer,0.30383731,-0.297390455,0.846049911,0.244434908,30.743,-0.722661233,-0.075165542,-0.862297735,0.147447798,0.027009936,-0.040529322,-0.001476864,0.61970477,-0.939246063,0.375686404,-1.029228147,0.209715108,-0.33879918,-0.206292222,-0.33660579,0.034406865,0.347887961,0.214963924,-0.450991551,-0.061672715,-0.012907584,-0.318979678,0.058782227,-0.371677113,-0.394903683,-0.182661779
2006,Winter,0.614909797,-0.479007579,0.982351044,0.325366158,12.195,-1.293555393,0.367342021,-0.967095009,-0.065492411,-0.032717818,-0.067628517,-0.557657767,-0.661069115,-1.460319815,-0.073252079,-0.27953252,-0.051623906,-0.521789952,-0.523434807,-0.603926395,-0.064209244,-0.142466144,-0.146494453,-0.040917726,-0.353740152,-0.006709992,-0.663045789,0.03817368,0.104346625,-0.44871891,-0.736878216
2007,Fall,-0.851413939,0.032428947,-0.536699112,0.038337041,33.25809524,-0.9034027,0.417013002,-0.366300974,-0.114174305,-0.170362834,-0.082253646,-0.365708816,-0.511851976,-1.040796501,-0.520743209,-0.233252519,-0.26797407,-0.435673429,-0.574711545,0.948563227,-0.289879397,-0.353583551,0.010308543,-0.564019586,0.028363593,0.034011741,-1.104588902,-0.117706324,-0.396474852,-0.406432574,-0.434676007
2007,Spring,-0.148600112,0.321141035,0.478283416,0.256266039,25.17060606,-0.522210701,0.087588556,-0.576144904,-0.114071728,-0.056752691,-0.004515608,-0.089833259,0.263965692,-1.003423493,-0.08467694,-0.383163238,-0.115441916,0.130897419,-0.182074602,-0.500164445,-0.031538025,0.23905281,-0.017071626,-0.343660717,-0.253363791,-0.177754043,0.017145498,0.08188396,-0.324697533,-0.23943738,-0.421374035
2007,Summer,0.675172754,0.055504967,-0.562282631,-0.057265391,40.72789474,-0.836667265,0.064264607,-0.515106085,-0.435894356,-0.186688668,-0.362058205,-0.154733898,-0.661003601,-0.993576031,-0.697834375,-0.484006678,-0.292228368,-0.147349202,-0.259485464,0.2035112,-0.018770146,-0.584685296,-0.062750508,-0.989054288,0.282552555,-0.02425728,-0.625370489,0.122545169,-0.919135072,-0.305899003,-0.307036795
2007,Winter,1.247654771,0.173289868,0.146713081,-0.271056651,16.47363636,0.001892453,0.334075212,0.315546343,0.183579641,0.104503439,-0.057533721,0.155430221,0.496737168,-0.668793314,0.383917963,0.060595956,-0.041638465,0.946121126,0.009710893,-0.652392227,-0.065735584,0.549717505,-0.052327421,-0.491080753,-0.120476069,-0.116668169,-0.642308642,0.498994818,-0.15434201,-0.314468312,-0.292034276
2008,Fall,-0.49949857,-0.126454993,-0.542693926,-0.038180447,28.60119048,-0.246309953,0.266193381,-0.44293005,-0.182933034,-0.049572367,-0.212046639,-0.453413305,0.250940623,-0.439874355,-0.421967675,-0.315168729,-0.340733218,-0.389274304,-0.630375181,0.573734338,0.7359696,1.052946643,-0.185660614,-0.484758359,-0.114459688,0.053271941,-0.549247033,-0.081084087,-0.497466198,0.100329144,-0.239521878
2008,Spring,-0.082084235,0.189482442,0.093267708,0.189588778,21.86675676,-1.282815583,0.120550686,-0.749067092,-0.192667621,-0.179467384,-0.446874173,-1.047825765,-0.372605327,-1.580880823,-0.223393864,-1.028955417,-0.168911522,-0.624501743,-0.384511584,-0.254278512,-0.038041895,-0.699850202,-0.166730066,-0.802519845,-0.371392992,-0.021800202,-0.76707435,-0.080743604,-0.859317813,-0.565395997,-0.713320036
2008,Summer,0.409696486,-0.245128337,-0.529350046,-0.02998826,32.46451613,-0.33350273,0.027410779,-0.274884833,0.234791654,0.345485373,-0.177492718,-0.135474571,0.086384703,-0.364386315,-0.205565244,-0.799578192,-0.283836329,0.040704309,-0.222296224,0.738518617,0.030538028,-0.103422787,0.018631912,-0.298250673,-0.046831859,0.061439077,-0.656214333,-0.039211545,-0.221624976,0.129912946,-0.167369569
2009,Fall,-0.511309394,-0.003147132,-0.229870886,-0.360547508,29.0555,-0.26618922,-0.07374463,0.091513554,0.119406429,0.349766739,0.196597885,0.487648712,-0.135974635,0.197104913,0.098764637,-0.054832752,0.248268937,0.265543139,-0.227602658,-0.212924235,0.013771348,1.013591478,-0.090871612,-0.162071334,-0.174040562,0.113520601,-0.529876799,-0.245685712,-0.161557361,-0.037918689,0.207316261
2009,Spring,-0.358328756,0.059408212,0.138224213,0.188011701,35.16538462,-0.920966752,0.262389455,-0.969441547,-0.284065887,-0.056387782,0.104309047,-0.265541678,-0.321590721,-0.724621224,-0.212585338,-0.846986234,-0.108431928,0.158947322,-0.560316784,-0.298742244,-0.041041009,-0.127421145,-0.034505659,-0.491242983,-0.183834984,-0.012223167,-0.33219201,-0.086595678,-0.424922454,0.073892758,-0.557816309
2009,Summer,0.692452322,-0.039176809,-0.244361046,0.229559274,36.94648649,-0.471418285,0.135003981,-0.113827153,-0.131872858,0.306530389,-0.309706345,0.352820757,0.04279457,-0.938193022,-0.337597843,-0.649732213,-0.315921485,0.142799077,-0.074241419,0.390163323,0.063526524,-0.362412149,-0.224630114,0.114108545,0.185185821,0.034798593,-0.511049974,-0.234360118,0.169317549,-0.358342139,-0.38089371
2010,Fall,-0.908736648,0.27595702,0.82649198,0.304007634,20.30069767,-0.067481404,-0.114887925,-0.23361628,-0.616870739,-0.218391982,-0.260654147,-0.306665809,-0.069048426,0.358792254,-0.497543817,-0.285297753,-0.333972892,-0.186178853,-0.951568094,0.160894654,-0.283696839,0.818681506,-0.014217833,-0.086055715,-0.1959109,-0.023481523,-0.340656829,-0.241626933,-0.155855822,0.752547304,-0.199727955
2010,Spring,0.110536286,-0.45447472,-0.205005765,-0.50630106,23.25861111,0.119419846,0.228879145,0.391678087,0.484990871,0.245045532,-0.162691289,1.056158942,-0.049118792,-0.527511273,0.093194003,0.029131715,0.160890047,0.834675096,-0.277755085,-0.722420374,0.009204952,0.449239958,0.133684969,0.216371363,0.270161159,0.347773266,0.15518241,-0.059267699,0.455574488,0.221256631,-0.534525578
2010,Summer,1.445295294,-0.261113801,0.554056533,-0.085688767,31.74769231,-0.014135211,-0.156025392,0.260783505,0.340139084,0.146285044,-0.246306834,-0.437411288,-0.039632724,-0.758676394,-0.094200598,0.009973451,0.056816021,0.105936254,-0.180979516,0.209390784,-0.025520988,0.024291064,0.019962872,0.04186142,-0.04418094,-0.042379463,0.32283507,0.123446148,0.041127325,-0.365013978,-0.278424247
2011,Fall,-0.360637472,-0.359819918,0.715320343,0.265409616,20.72096774,-0.042540044,0.180244527,-0.153627526,-1.006320601,-0.40864526,-0.208799579,0.077001754,0.446666448,0.391255169,-0.135162382,-0.229868853,-0.070420337,-0.08674507,-0.830656297,-0.10695859,-0.114286892,1.110687609,-0.074316591,-0.481755342,0.014108641,0.173827931,-0.529908374,-0.076098338,-0.442187395,0.825759938,-0.227842152
2011,Spring,-0.114093578,-0.588638812,1.010477068,-0.105359255,14.91136364,-0.231117443,-0.034938056,-0.016540023,0.318808569,0.128631811,0.101966591,0.416433162,0.243576049,-0.274588239,0.317764107,-0.122096672,0.02019895,0.239356327,-0.458591327,-0.722111402,-0.020449609,0.580167923,0.077341094,0.049919194,-0.154183902,0.213343077,-0.028784817,-0.072162637,0.14684139,0.388619014,-0.510384129
2011,Summer,0.338931275,-0.537560745,1.108757121,0.178542105,33.9740625,-1.22747013,0.043459145,-0.796038824,-0.523561372,-0.438916816,-0.588483253,-0.724089422,-0.108923345,-0.975837913,-0.478615629,-0.210276704,-0.490479904,-0.820699977,-0.258160416,-0.391673209,-0.008048093,-0.244579081,-0.345086543,-0.889024827,-0.386692502,-0.251117421,-0.505593822,-0.177064466,-0.851873112,-0.266552331,-0.391394607
2012,Fall,1.000284395,-0.060900626,1.828669873,0.128305612,33.12243243,0.437597021,-0.380500498,-1.041418042,0.645436692,0.034762391,1.185315371,0.72185445,0.686040272,2.240459358,0.030812933,-0.163083943,1.35142578,1.314981955,0.786982186,0.638641342,0.721291567,0.877739373,-0.181773538,1.314524618,0.553894832,-0.070167297,1.3415909,-0.130193463,1.520425255,2.395326635,-0.212426084
2012,Spring,1.303346047,-0.043072595,1.651186158,0.318106806,13.82742857,0.504303354,0.035248405,0.045474841,-0.211582489,-0.042898065,-0.014579,-0.206163322,0.584876477,0.481813307,0.100700295,-0.200266523,0.097115409,-0.093153332,-0.537931043,-0.63104021,-0.038339707,1.255221625,0.032245175,0.413852841,-0.315291394,-0.089592172,0.252384957,-0.087257427,0.419066687,1.088467411,-0.382583257
2012,Summer,2.168862008,0.027527271,1.380611779,0.238503441,48.52884615,1.170090968,-0.116379237,0.143205879,1.135121073,0.401761791,-0.094527326,0.398466412,1.294766145,0.116589099,-0.145808323,0.219144186,0.100549972,0.856645493,-0.141181824,0.416323216,0.042129439,2.133621412,0.256993723,-0.525407524,-0.154885526,0.176027753,-0.285467151,-0.039202255,-0.414839596,0.493763027,-0.248615218
2013,Fall,-0.426930893,0.305370535,0.379673953,0.213155067,23.52142857,0.188704308,-0.070623972,-0.206115076,0.236127051,-0.371181262,0.028832523,0.736413163,0.540569581,0.455659538,-0.403596103,0.145737489,0.66607553,1.256291786,1.096029264,0.144487081,-0.003818448,0.976743373,0.146064228,0.25152312,0.582515657,-0.049077936,1.28572016,0.012872356,0.252919986,0.435153826,-0.360344581
2013,Spring,1.115526291,0.39570202,1.274886451,0.120699836,8.310833333,0.776307634,-0.561825603,0.093049539,0.744043075,0.340812312,0.096329565,0.625853111,1.223616974,0.175990974,-0.324935404,0.452489313,-0.146838271,1.157116577,1.712191574,-0.220965228,0.785167964,1.24038806,-0.017002693,1.102321993,0.385409607,0.072930977,0.481576871,0.192162036,1.192874098,0.856215046,-0.484494917
2013,Summer,1.266375205,-0.128814392,0.724821897,0.164140145,43.82052632,1.774852187,0.173874911,0.564214977,-0.059626787,-0.064828376,-0.126822209,-0.128940636,0.288163481,0.152727313,-0.452182945,0.569979507,-0.010312483,1.34956801,-0.236974966,1.174320539,-0.009492975,0.637633713,0.011488316,0.39061062,0.767374148,-0.181640115,-0.160347112,-0.253315537,0.310650162,-0.006795002,-0.440016776
2014,Fall,0.062946381,0.439589587,0.841090328,0.200054355,13.65424242,-0.050712544,-0.180181524,-0.658267829,0.352010389,-0.555730521,-0.078537266,-0.282078553,0.577706596,0.766559377,-0.233270844,0.329545189,-0.420802049,1.191189294,1.205098768,0.970766028,1.355316571,1.100809993,0.111289841,0.272498258,0.201315438,0.111764269,1.287042216,-0.269530821,0.178896525,0.920468578,-0.350550273
2014,Spring,0.139489424,-0.073004552,0.510722574,-0.072831571,5.907857143,-0.311810964,0.025864493,-0.371885587,0.374848636,0.098894031,-0.214686268,-0.656276398,-0.324220944,-0.597399726,-0.18978555,-0.313507634,-0.077175893,0.741313135,-0.412650996,-1.013120101,-0.010962924,0.78614373,0.043939294,-0.311976693,0.230576219,0.047954834,1.304873823,-0.219798489,-0.273667201,0.404469739,-0.783040016
2014,Summer,-0.038184667,0.188420465,-0.171911212,-0.130754678,37.510625,0.220525616,0.30026932,0.30673817,0.579913901,0.491354632,0.006414626,0.723327959,-0.006096644,-0.232243238,0.425683001,0.210464479,0.674741973,0.998803445,-0.223341801,-0.930652682,-0.010295381,0.936565198,-0.137088367,1.039726752,0.459956143,0.493101229,0.589972913,-0.158114041,1.067849835,0.122731901,-0.349545031
2015,Fall,-0.143952123,0.243481791,-0.24258254,0.152557896,28.0888,0.63432857,-0.273769967,0.268989983,0.922885059,-0.445192832,0.394418017,0.701161334,0.981156225,0.674606371,0.005443688,0.648731565,1.523582063,1.68749226,1.470719047,1.195936479,0.790769668,1.185905865,0.425820637,0.671522934,0.950674963,0.062227293,1.750319891,-0.085283202,0.431611679,0.216211347,-0.303921627
2015,Spring,-0.720076946,0.993302184,-0.672595299,0.133865714,84.822,-0.243269621,0.598513969,0.585663736,-0.127234076,0.213483821,1.955403176,1.180332923,0.575607355,0.220793626,-0.325154802,1.310042409,-0.313251918,1.910443471,-0.315532242,-0.717700638,-0.0065245,1.309953251,-0.310486551,0.63310373,-0.781167352,-0.184528056,-0.611248808,-0.174665452,0.714027503,0.435935265,-0.683735166
2015,Summer,-0.315746016,0.337082199,-0.828109431,0.086613602,48.08703704,1.426645634,0.389244313,0.653937744,1.836436402,0.197118863,1.78555397,0.963271952,-0.045828666,0.811888633,-0.206156395,0.374070975,1.113764953,1.474382867,-0.153211589,-0.225046425,-0.009404688,0.29304966,0.022140188,1.229176453,0.384092004,-0.085266168,0.440733836,-0.184057738,1.261372871,0.953880378,-0.312748356
2016,Fall,0.69262139,0.392829334,0.763961216,0.423466111,19.288125,0.141139709,-0.207846157,-1.146028371,0.030997893,-0.273389502,0.637266177,0.219893759,-0.007662179,0.34927898,-0.526501033,-0.098323083,0.200832951,1.199707729,1.161962465,0.749575172,0.506746421,-0.188461218,-0.116684828,0.281681503,0.877697324,-0.127524204,0.861408626,0.351895623,-0.045640323,0.103617833,-0.359149929
2016,Summer,1.590783559,0.020294439,0.59030333,-0.203158607,65.49378788,2.420695947,0.353496651,0.576081945,1.00814474,0.836784825,-0.373623149,-0.446387267,0.126366424,1.650838578,0.158847277,0.685277896,0.999399712,0.718036437,0.168089728,-0.364398786,-0.009665113,1.327416381,0.548117075,0.166697673,0.495486742,0.545154636,-0.342679399,0.012721968,0.199792354,2.314444753,-0.372425977
2017,Fall,0.866212546,-0.05395499,0.226303454,-0.017566835,26.86117647,0.340595445,-0.394799098,-0.158492367,0.618204345,0.493887575,0.089325129,0.667338789,0.858118285,0.769176054,0.165738088,0.437590065,0.337611297,1.436474245,1.600958663,-0.150466674,1.49756372,1.034599845,-0.04829647,-0.190651119,0.628080012,-0.130242622,1.507187334,-0.036815764,-0.182541798,0.984232724,-0.442970369
2017,Spring,1.75529162,0.131004306,1.46078208,0.034762788,14.58444444,0.948379353,0.234022003,-0.369358152,1.098331791,1.22841204,-0.234992443,0.801895575,0.34896415,-0.093745523,-0.05985182,-0.15349448,-0.067405107,1.262335098,1.419608338,-0.756899518,0.503641641,0.275882447,0.27313678,0.343845269,0.096586898,0.278375621,0.93997804,-0.119286218,0.486158443,0.270806492,-0.775409342
2017,Summer,0.075514244,-0.100928608,0.358176737,-0.105150444,34.60758621,0.624778638,0.231605188,0.112606042,-0.135626806,0.159175699,0.467880104,0.788095555,-0.044139693,-0.224647446,-0.477623957,0.1262419,0.136590268,1.074166075,0.167571075,-0.241317268,-0.009291226,0.440636842,0.058140052,0.817614668,0.151307094,0.084881906,1.01670565,0.071771904,0.849775274,0.027770496,-0.408701305
2018,Fall,0.103759273,0.130828768,0.082821421,-0.111888267,22.82333333,0.197729259,-0.187741068,-0.966878082,1.009128417,-0.835193319,0.038494134,0.479023715,-0.265078943,1.257373419,-1.03262776,0.685994693,0.799278757,1.54387473,2.432996653,1.341692266,1.275222133,-0.080519908,-0.23594459,0.95891395,-0.051155689,0.192707588,2.095503172,0.400794845,0.718816485,0.416325339,-0.432408316
2018,Summer,2.042083878,-0.70547911,0.170448255,-0.007352735,53.385,2.318830544,0.27721404,0.760279335,1.765620669,-0.367020508,0.079221748,-0.015139537,1.112491806,1.211697097,-0.472738228,0.852756899,1.252908596,1.107302321,-0.006164334,-0.79233089,-0.009018193,2.024997599,0.734601758,1.495452666,-0.146083091,0.549668314,0.788923683,0.318643852,1.524421563,1.897394853,-0.376474773
2019,Fall,0.574660265,-0.135048605,1.634423291,-0.042655305,26.69333333,0.114311453,0.218761925,-0.171249303,-0.182634502,0.273424488,-0.050155299,0.721281191,0.587578444,0.266309133,-0.70110351,0.388565454,-0.590559257,1.095493065,0.785058408,0.890649555,0.884174511,0.675157583,-0.219712747,-0.15946129,-0.266822022,0.129349339,0.631938178,-0.277483982,-0.067435654,-0.116088387,-0.154109274
2019,Spring,-0.589508353,0.520185996,-0.404880007,-0.292707612,28.29333333,0.542097297,0.389108226,1.019594739,-0.60628231,-0.257299829,1.760933749,1.523158973,-0.08947861,0.868650968,-0.313618005,1.368252183,-0.310359847,1.157566581,0.606503887,0.93418773,-0.006378363,0.43432256,-0.310920406,0.203413972,-0.790767625,-0.181821166,0.260994671,-0.178400134,0.284898495,1.772298218,-0.698400273
2019,Summer,0.24357406,-0.424433396,0.532237053,0.004104709,29.19036364,0.043815229,-0.077894511,0.162387517,0.51478306,0.311258736,-0.133076951,0.948212729,0.309742322,0.198079591,-0.308762999,0.265325804,0.682774292,1.143810519,0.535438286,0.935236807,0.063918283,0.331969407,0.316945273,0.110341643,0.30485507,0.152773054,0.852084657,0.006287228,0.156199273,-0.16271366,-0.323143455
2021,Fall,1.666357768,0.206919364,1.377504781,0.26852537,22.23104167,0.225497598,-0.793821949,-1.356714495,-0.457190216,-0.511748702,0.094570964,1.199438399,0.590556389,1.180271829,-0.382620314,0.065658272,1.36305716,1.29750042,1.638223123,-0.191117414,0.878451175,1.3486836,-0.100605783,0.385393569,0.446725367,-0.039524617,2.092370793,-0.000913369,0.46601759,0.263038084,-0.437716741
2021,Spring,0.318243348,-0.149160083,-0.325214518,-0.507503399,74.1825,2.759091912,0.748444733,0.716042811,0.958604211,1.333190802,1.982829066,1.721514906,-0.077043404,1.671022288,0.53349039,1.628282545,2.856640709,1.250531775,-0.282087137,-0.039847894,-0.008768852,2.11154526,0.41111316,2.088532846,0.004043752,-0.204191064,2.56498037,-0.139775573,2.143076374,2.62732361,-0.590332364
2021,Summer,2.160066064,0.142060429,1.075341663,-0.018741903,30.945625,1.177959719,-0.416830992,-0.147240344,-0.2150875,-0.327410563,-0.232724501,1.516292209,0.567395393,1.531689107,-0.61778847,0.489591245,1.911583258,1.533506189,0.168283395,-0.223147899,-0.022971215,0.72197264,0.375225967,1.11601076,0.574435678,0.517908389,2.472642078,0.282742783,1.179725332,1.680097258,-0.321596701
