"year","area","var.name","ncell","var.wgt.mean","var.min","var.max","var.sd","var.med"
1993,0,"T_min",1,5.48035017015,5.48035017015,5.48035017015,NA,5.48035017015
1993,1010,"T_min",121,3.61240122174484,3.07519358129265,4.37644582986832,0.337301067198979,3.5241300906351
1993,1020,"T_min",114,3.77618811513943,3.04558631826279,4.85363015260735,0.444092285226666,3.84206256371797
1993,1030,"T_min",27,5.23838709628824,4.57228637277987,5.982466389468,0.372485634708486,5.20891698516491
1993,1040,"T_min",4,5.9448397647921,5.77071632568357,6.29781724214457,0.239582435231074,5.85552656423798
1993,1050,"T_min",73,2.85661171604471,2.00687557908424,3.83663443475962,0.396557204907933,2.85442672669888
1993,1060,"T_min",144,3.49385401142112,2.60138276029616,4.66387353973227,0.511091963360567,3.5763945677306
1993,1070,"T_min",29,4.11691119500896,3.70892467912927,5.0116466554549,0.296699029874518,4.06657806860351
1993,1080,"T_min",2,4.32227553001145,4.18319625307784,4.46169714791838,0.196929871308267,4.32244670049811
1993,1090,"T_min",74,4.19535603673096,1.74325425858901,7.80401901449428,0.950966024880581,3.99825787697318
1993,1100,"T_min",112,3.96899475590124,3.56563007086515,5.19564169440541,0.324736747477731,3.90918179636158
1993,1110,"T_min",22,4.62488883448405,3.81510409344664,5.39096615382529,0.421775033838735,4.60361111539039
1993,1120,"T_min",1,4.80175935801472,4.80175935801472,4.80175935801472,NA,4.80175935801472
1993,1610,"T_min",52,5.88751732240027,5.38943567871594,6.48277535141016,0.245861333465498,5.87865440195249
1993,1620,"T_min",10,5.93430814721826,5.59461883544474,6.43896875325748,0.242183898473724,5.91725074899823
1993,1630,"T_min",2,5.53893059009508,5.5111866958717,5.56667448431846,0.0392357914837484,5.53893059009508
1993,1650,"T_min",61,5.25003354094774,4.57086925704166,5.68749086361461,0.224972235995112,5.26928809938922
1993,1660,"T_min",27,5.57405286777457,5.25296662907785,5.94802627435596,0.157328008441934,5.59260265779262
1993,1670,"T_min",6,5.70846760372702,5.55402031644071,5.92719603972628,0.162486514265506,5.64129808380808
1993,1690,"T_min",89,4.88978270692302,4.38083446147916,5.25210932147497,0.245631908248287,4.93981639780204
1993,1700,"T_min",50,5.18211500978888,4.83183043130367,6.13716935282152,0.242658605184502,5.16558391310954
1993,1710,"T_min",10,5.5347602875297,5.35966073638917,5.61211884277007,0.0920494907748933,5.58472222565617
1993,1720,"T_min",1,5.73184079588642,5.73184079588642,5.73184079588642,NA,5.73184079588642
1993,1730,"T_min",83,4.5452256646335,3.86052246327456,4.87613008681002,0.232737119818197,4.62088554412952
1993,1740,"T_min",59,4.7356654630234,4.20747655403225,5.8991974007608,0.433216209328936,4.58203092099249
1993,1750,"T_min",5,5.62149898843857,5.32599644071863,5.9827537058561,0.322739583682393,5.45722715028108
1993,1760,"T_min",2,5.73340690390449,5.71686757526091,5.74996033239397,0.0234001129769463,5.73341395382744
1993,3020,"T_min",1,2.47823368120181,2.47823368120181,2.47823368120181,NA,2.47823368120181
1993,3440,"T_min",2,5.68418655201781,5.67216037307718,5.69621273095845,0.0170075853613721,5.68418655201781
1993,3450,"T_min",1,2.49715351452921,2.49715351452921,2.49715351452921,NA,2.49715351452921
1993,3550,"T_min",8,6.47354116762698,4.7439911549475,9.41646840001377,1.81403283938942,5.93081948425472
1994,0,"T_min",1,5.46152528886922,5.46152528886922,5.46152528886922,NA,5.46152528886922
1994,1010,"T_min",121,3.76656104471888,1.58363599330187,4.67160337175722,0.521872665160783,3.80362988140832
1994,1020,"T_min",114,3.8869788139222,3.16173616595112,7.29976379044403,0.523521648175048,3.86081149359525
1994,1030,"T_min",27,5.55848482050861,4.41429801383431,7.92223169899832,0.96915022222593,5.15671028264091
1994,1040,"T_min",4,5.18587004210498,5.09695022269617,5.29126218785315,0.0931985948488941,5.17763734519864
1994,1050,"T_min",73,2.50811285267411,1.27858842456551,3.3746028439208,0.498688909420522,2.53384947923653
1994,1060,"T_min",144,3.57025285078969,1.98871912105648,5.58918131682186,0.846594898210606,3.32826025345576
1994,1070,"T_min",29,5.98897700925434,5.20270555736163,8.21890795229594,0.765122197107451,5.83966495897037
1994,1080,"T_min",2,5.9201554772361,5.02761376276308,6.81050561192507,1.26069491666467,5.91905968734407
1994,1090,"T_min",74,3.27039571808705,1.34119262068786,5.5363716885017,1.47602838217629,3.40778834000229
1994,1100,"T_min",112,4.01563441740182,1.77005863754071,6.18095621583087,0.793011298711273,3.952465341523
1994,1110,"T_min",22,5.2083832037605,4.15598152361073,6.07607151411384,0.510618074347469,5.33644986857816
1994,1120,"T_min",1,5.28826421480866,5.28826421480866,5.28826421480866,NA,5.28826421480866
1994,1610,"T_min",52,6.54536862754803,5.67657010540954,9.6220818628951,0.894526584058361,6.12993703012019
1994,1620,"T_min",10,6.9222623268578,5.89272641645678,8.00009320060088,0.637867298711514,6.77436499805192
1994,1630,"T_min",2,6.24834509656435,6.15728041346159,6.33940977966711,0.128784909897131,6.24834509656435
1994,1650,"T_min",61,5.46283190134861,4.13556552679184,6.05824551907609,0.318125589710756,5.46732545953249
1994,1660,"T_min",27,5.814085153617,5.26246347339869,7.33478806167841,0.540296799664435,5.64601326941706
1994,1670,"T_min",6,6.35791111264358,5.3850410675223,7.09746620209142,0.650540145685274,6.39655163210863
1994,1690,"T_min",89,4.89384224863101,3.59813299095972,5.94544768215948,0.52765570836399,5.02183525046088
1994,1700,"T_min",50,6.09890281070789,5.38710730730863,9.28443096189541,0.745781603742747,5.8842326102479
1994,1710,"T_min",10,7.29642011432052,6.41549034636764,8.86116482551711,0.674241888599945,7.12943129920055
1994,1720,"T_min",1,6.66370669427684,6.66370669427684,6.66370669427684,NA,6.66370669427684
1994,1730,"T_min",83,4.86826204974892,3.70039980858564,5.71585298139106,0.405081019558067,4.85191767194552
1994,1740,"T_min",59,5.89694612449208,4.28707675828047,8.10545857332458,1.11742489764882,5.77746337239867
1994,1750,"T_min",5,6.07914088936146,5.79784452128006,6.3605053525069,0.236671644049039,6.10104508616579
1994,1760,"T_min",2,6.27847636453027,5.97486237336538,6.58183174398255,0.429192157935932,6.27834705867397
1994,3020,"T_min",1,1.26021627668201,1.26021627668201,1.26021627668201,NA,1.26021627668201
1994,3440,"T_min",2,7.9781601191739,7.84087080992592,8.11544942842188,0.194156403107327,7.9781601191739
1994,3450,"T_min",1,2.44358566988356,2.44358566988356,2.44358566988356,NA,2.44358566988356
1994,3550,"T_min",8,5.55472334342107,4.78661459684372,6.89183946904507,0.628989840695608,5.48797131720912
1995,0,"T_min",1,8.61364908950356,8.61364908950356,8.61364908950356,NA,8.61364908950356
1995,1010,"T_min",121,5.48269039808598,3.83279693254807,6.61266817124855,0.506228105566953,5.38105909542015
1995,1020,"T_min",114,6.01031617192141,4.84456736335856,7.69729855422888,0.720108919983093,5.9543579014735
1995,1030,"T_min",26,7.90636463237095,6.51120872511649,9.66096756051836,0.779637861979825,7.96404344849856
1995,1040,"T_min",3,7.31768408028795,6.65141759812832,8.39390241354704,0.941072887229714,6.90649076101691
1995,1050,"T_min",73,4.02626357984917,2.56491127651437,4.97338787466288,0.448873784048284,4.00355766818356
1995,1060,"T_min",144,4.98473425516859,3.97569260137138,7.24781119859191,0.673655954881271,4.79064043422506
1995,1070,"T_min",29,6.04283408818671,5.65639576621931,7.52369845730267,0.410949749954072,5.89146919321186
1995,1080,"T_min",2,6.96075106415447,6.07325787846319,7.85042879730463,1.25664960804031,6.96184333788391
1995,1090,"T_min",74,4.7945922990398,3.09804293697611,8.69497547853815,1.13656431957419,4.74669115014033
1995,1100,"T_min",112,5.60538829090833,4.51927245408297,6.78443019180927,0.534181712713027,5.59563510356655
1995,1110,"T_min",22,7.13660668158395,5.78700753384974,9.73663647102217,0.973659573671239,7.02516414714041
1995,1120,"T_min",1,7.28704857455727,7.28704857455727,7.28704857455727,NA,7.28704857455727
1995,1610,"T_min",52,8.04313402499752,6.28261480347174,9.62553277817139,1.06676029936545,7.64935094217824
1995,1620,"T_min",10,8.74555951269463,7.68271880942881,9.43772354427875,0.51642133313431,8.78126991422505
1995,1630,"T_min",2,9.14152284895524,9.10704007032412,9.17600562758635,0.048766013208433,9.14152284895524
1995,1650,"T_min",61,7.39271357682188,5.71771672700203,9.25126647718751,0.98370423543208,7.08755986997835
1995,1660,"T_min",27,8.19789918337256,7.50900736061803,8.7143263353796,0.278453996661858,8.19868882697249
1995,1670,"T_min",6,8.06821831337707,7.61934712735659,8.38853865298669,0.312827613867603,8.15067435219452
1995,1690,"T_min",89,6.58209781254526,4.88457574436986,8.33546726826819,0.829233762905149,6.67711666469362
1995,1700,"T_min",50,7.78700698161427,6.43416247253349,9.37391278892756,0.819841301395972,8.02883793828162
1995,1710,"T_min",10,8.70515470321025,7.44787812735987,9.51893674582243,0.656822117760291,8.8126712196945
1995,1720,"T_min",1,8.2878472865511,8.2878472865511,8.2878472865511,NA,8.2878472865511
1995,1730,"T_min",83,6.82361220600992,5.74363640334898,7.44438656580806,0.406169136300726,6.8786065169147
1995,1740,"T_min",59,6.83676371803517,6.38053499451955,7.80735924865149,0.374617953952465,6.72726924368638
1995,1750,"T_min",5,7.77288356175727,7.42219538447686,8.19519851194589,0.302576271695548,7.66949374743563
1995,1760,"T_min",2,7.89598022091061,7.80516474705186,7.98671834014834,0.128377776827305,7.8959415436001
1995,3020,"T_min",1,2.71721370384143,2.71721370384143,2.71721370384143,NA,2.71721370384143
1995,3440,"T_min",2,6.52054278353406,6.35789494379405,6.68319062327406,0.230018780851001,6.52054278353405
1995,3450,"T_min",1,3.90858531223185,3.90858531223185,3.90858531223185,NA,3.90858531223185
1995,3550,"T_min",8,7.40907639901805,5.08178962022066,9.72267510170742,1.69641643243312,7.50145905379236
1996,0,"T_min",1,6.24168936546096,6.24168936546096,6.24168936546096,NA,6.24168936546096
1996,1010,"T_min",121,3.238735315666,1.28381751027112,4.29953918606043,0.616491651982076,3.22690119564964
1996,1020,"T_min",114,4.30906073543983,2.66894007223105,5.53883481770754,0.574657428893565,4.24664880002986
1996,1030,"T_min",27,5.70738494322123,5.23562716556828,6.78285980123507,0.442447737251613,5.55275125801563
1996,1040,"T_min",4,6.23655737386957,5.58864744205599,6.86184408189239,0.550215394557739,6.24928302971726
1996,1050,"T_min",73,1.74953756206028,0.560638958264978,3.79613184789555,0.81351827633002,1.4894761161286
1996,1060,"T_min",144,3.78653427585115,1.09754710680327,6.75269536640367,1.18681483971339,4.06159718983687
1996,1070,"T_min",29,5.44899129666542,4.82351938888108,6.50070036687201,0.364839983969046,5.40719471548161
1996,1080,"T_min",2,6.09295932817098,5.68140044758271,6.50350765193258,0.581317579058108,6.09245404975765
1996,1090,"T_min",74,4.23564444833345,1.86773872129751,8.47056223801935,1.46730898677197,4.29368829258235
1996,1100,"T_min",112,4.59366876283961,2.76454001798536,5.61198667963614,0.469570886290754,4.58918129536258
1996,1110,"T_min",22,5.27547048349784,4.99527634868743,5.64378643062041,0.146360742248602,5.25970493978974
1996,1120,"T_min",1,5.02172919362783,5.02172919362783,5.02172919362783,NA,5.02172919362783
1996,1610,"T_min",52,6.49658615889684,5.9023032590491,7.25333884289989,0.298977716529756,6.50350586918439
1996,1620,"T_min",10,6.85731681836117,6.35911992820479,7.56404327016972,0.376826798730242,6.78822489092664
1996,1630,"T_min",2,7.36951078876903,7.1869860266029,7.55203555093516,0.258128994124264,7.36951078876903
1996,1650,"T_min",61,5.43051107757262,4.28666511581053,6.93884280626545,0.544169057917147,5.4672068992148
1996,1660,"T_min",27,6.57321927615999,5.39438669536425,7.55681591824983,0.654607222656071,6.62023398852238
1996,1670,"T_min",6,7.06943201406052,6.68911562433482,7.52664167526722,0.354954048681578,6.94809427443695
1996,1690,"T_min",89,4.69195494006663,3.7459082140625,5.36362385149616,0.463987286681168,4.79567301471049
1996,1700,"T_min",50,5.60945493111024,4.93767058764606,7.01450323165765,0.46621957790591,5.4856665307006
1996,1710,"T_min",10,6.94933564325283,6.2027090299106,7.51672573158091,0.418209061818049,7.05209472779818
1996,1720,"T_min",1,6.89001620334174,6.89001620334174,6.89001620334174,NA,6.89001620334174
1996,1730,"T_min",83,4.4415184726649,3.80367444455624,4.92872609750332,0.262113219757165,4.43075246399438
1996,1740,"T_min",59,5.22722375069718,4.24035062417779,5.99078628292172,0.479405680725271,5.2709673161362
1996,1750,"T_min",5,5.9848650425416,5.68756545296334,6.62284516467725,0.370346222016212,5.85158850252628
1996,1760,"T_min",2,6.66034362642534,6.65741832274513,6.663271423939,0.00413876754515675,6.66034487334207
1996,3020,"T_min",1,0.65946940616804,0.65946940616804,0.65946940616804,NA,0.65946940616804
1996,3440,"T_min",2,6.69315387410797,6.6249688222973,6.76133892591863,0.0964282250217543,6.69315387410797
1996,3450,"T_min",1,0.801989624386698,0.801989624386698,0.801989624386698,NA,0.801989624386698
1996,3550,"T_min",8,6.60248746582322,4.72875150293112,8.94328347820428,1.66451128732205,6.08472285414321
1997,0,"T_min",1,7.20470710235974,7.20470710235974,7.20470710235974,NA,7.20470710235974
1997,1010,"T_min",121,5.75939460395538,4.0571971101102,6.82320289564794,0.653832590933188,5.96214865651213
1997,1020,"T_min",114,5.97445048571237,5.14171191171533,6.88166091338108,0.404068755793361,5.92832181329731
1997,1030,"T_min",27,6.18535375864146,5.26115502106098,6.58721371031239,0.332556927367685,6.28228949299054
1997,1040,"T_min",4,5.84474001918447,5.70587209571775,6.00734401428038,0.124217497362388,5.83320232027374
1997,1050,"T_min",73,4.71149256056046,3.82391604606676,5.54346191231725,0.48262929536753,4.84180781803923
1997,1060,"T_min",144,5.25622495618395,4.57203591852367,6.06306611030032,0.314974970247629,5.20800110162594
1997,1070,"T_min",29,5.44798444756964,4.62168764396708,5.88407434725576,0.367504817213425,5.57236039526099
1997,1080,"T_min",2,5.15915273671899,5.05249618068256,5.26607182582296,0.151020786975069,5.15928400325276
1997,1090,"T_min",74,4.80171068389087,4.50402762568417,5.22534868866205,0.163350798418546,4.78052422946657
1997,1100,"T_min",112,5.10838481344203,4.11466827330335,5.73126094593791,0.302667999387766,5.09854085361039
1997,1110,"T_min",22,4.4221958130999,3.57783472431599,5.49049349874258,0.592289859954798,4.547665216572
1997,1120,"T_min",1,5.1103891811949,5.1103891811949,5.1103891811949,NA,5.1103891811949
1997,1610,"T_min",51,8.6307281263354,7.19218340310295,9.92070777290309,0.731063296778479,8.74413434743471
1997,1620,"T_min",10,8.92295377151889,7.55393966993986,9.6405994907923,0.601229530278864,8.96822811308079
1997,1630,"T_min",2,7.78714049926496,7.29517491837141,8.27910608015851,0.695744396720416,7.78714049926496
1997,1650,"T_min",61,7.02171506278434,6.6788334340765,8.46850518684994,0.271804006911223,6.96173918443194
1997,1660,"T_min",27,7.12356976023001,6.83745843172073,8.45340236775892,0.305139414343384,7.05976310658945
1997,1670,"T_min",6,7.59081887410172,6.88286997377872,9.04440391560938,0.896404685628722,7.17509668381386
1997,1690,"T_min",89,6.94775637372961,6.40837129305703,7.57470570213202,0.270422358070349,6.94146551191807
1997,1700,"T_min",50,7.6853702948854,6.79667267814509,8.5218947163634,0.428931744328003,7.72553060173711
1997,1710,"T_min",10,7.77820288515411,7.43977225242761,8.27014794037549,0.260975012919933,7.71489222632517
1997,1720,"T_min",1,7.66079790384422,7.66079790384422,7.66079790384422,NA,7.66079790384422
1997,1730,"T_min",83,6.59896283083375,6.03442564126019,7.30440791063298,0.292990617373406,6.56349759970043
1997,1740,"T_min",59,7.12166597589201,6.58475018899401,7.57716292481764,0.21119433228754,7.0882452178112
1997,1750,"T_min",5,6.61184940915377,6.13896958086757,7.07755157780007,0.422192802086081,6.55248542158404
1997,1760,"T_min",2,6.81518335501822,6.7768272041043,6.85357220470905,0.054266910349785,6.81519970440667
1997,3020,"T_min",1,3.86334667045882,3.86334667045882,3.86334667045882,NA,3.86334667045882
1997,3440,"T_min",2,8.69128094266914,8.47219529437196,8.91036659096632,0.309833895143173,8.69128094266914
1997,3450,"T_min",1,4.18491986923779,4.18491986923779,4.18491986923779,NA,4.18491986923779
1997,3550,"T_min",8,6.53375602279519,3.87398909032345,8.60664257099586,1.66312883139168,7.21402484653873
1998,0,"T_min",1,6.66120294659488,6.66120294659488,6.66120294659488,NA,6.66120294659488
1998,1010,"T_min",121,5.21115842351902,4.64305552840233,6.06719230843988,0.319484579187164,5.18509652176302
1998,1020,"T_min",114,5.37674322170851,4.54308674778952,5.83108006417751,0.230680260995048,5.43439898659607
1998,1030,"T_min",27,4.98439634041197,4.40879771722819,5.35511305779084,0.255692657393684,5.02063323552823
1998,1040,"T_min",4,4.83158829678987,4.67614730165977,5.06181597573493,0.186726211547646,4.7940929219973
1998,1050,"T_min",73,4.74806310606558,3.63569768465126,5.61642177951488,0.599380492056626,4.91752584667845
1998,1060,"T_min",144,4.96833845129348,4.18393923999432,5.66991432447435,0.32107379519315,5.00240212121708
1998,1070,"T_min",29,4.29219271828413,4.01988335542587,4.59896440998103,0.180155471861638,4.28386574394083
1998,1080,"T_min",2,4.08822711116577,4.04171881824732,4.13484988335544,0.0658536076770777,4.08828435080138
1998,1090,"T_min",74,5.30008048829325,4.52886150996926,7.41988854967341,0.620730032835706,5.25929306221784
1998,1100,"T_min",112,4.61440290445718,3.18219558298124,5.17154731689144,0.469145181190159,4.75244550406197
1998,1110,"T_min",22,3.46756761618262,2.90881077110445,4.1317149255713,0.304133691585857,3.38869796075176
1998,1120,"T_min",1,3.6015198379755,3.6015198379755,3.6015198379755,NA,3.6015198379755
1998,1610,"T_min",51,8.32086843094738,6.79031728285007,9.78703966702858,0.613200222783127,8.37470155426569
1998,1620,"T_min",10,7.23028042423655,6.66594421677574,8.20331102174448,0.442165592955093,7.19708818971661
1998,1630,"T_min",2,6.68738846013828,6.66068236959883,6.71409455067773,0.0377681154388541,6.68738846013828
1998,1650,"T_min",61,7.08433610740736,6.53767137141443,7.87826167792082,0.344505319661422,7.0007403546956
1998,1660,"T_min",27,6.32281765980099,5.71322765681334,6.60797614493819,0.222947120538,6.39836060615871
1998,1670,"T_min",6,6.27914635994342,5.97049250160211,6.72889386033674,0.325478477783828,6.24110849729751
1998,1690,"T_min",89,6.86309571182186,6.28006837517023,7.30479343694987,0.222866121724502,6.93295472663472
1998,1700,"T_min",50,5.93857097433804,5.26700829802088,6.54650957093849,0.341718644044599,5.91608118053887
1998,1710,"T_min",10,5.47765000793813,5.16217683946412,5.66466097841894,0.148899111255121,5.4768340127052
1998,1720,"T_min",1,5.45063222130779,5.45063222130779,5.45063222130779,NA,5.45063222130779
1998,1730,"T_min",83,6.41668938142886,5.79299296438694,6.96566571041215,0.33422449837913,6.37601856887341
1998,1740,"T_min",59,5.68445794142676,5.09785167859355,6.3011792844716,0.320781941369799,5.66688483307377
1998,1750,"T_min",5,5.31508436203977,5.27139261487001,5.38528629121481,0.0445456114559411,5.30579135247319
1998,1760,"T_min",2,5.17927159364923,5.1180636600048,5.24053170730963,0.0865979867279201,5.17929768365722
1998,3020,"T_min",1,3.77930863399212,3.77930863399212,3.77930863399212,NA,3.77930863399212
1998,3440,"T_min",2,8.64851697540596,8.59104094064789,8.70599301016402,0.0812833878662832,8.64851697540595
1998,3450,"T_min",1,3.97162238306476,3.97162238306476,3.97162238306476,NA,3.97162238306476
1998,3550,"T_min",8,6.9125282950541,4.62913908809423,9.40733942683206,1.92024788306992,7.25921340806119
1999,0,"T_min",1,7.36062636757585,7.36062636757585,7.36062636757585,NA,7.36062636757585
1999,1010,"T_min",121,5.67442198500075,4.2068986797646,6.76420644498014,0.537629717560038,5.63371929083412
1999,1020,"T_min",114,6.06690964340542,5.48675897545998,7.12018190324306,0.342729723496623,6.01290018680156
1999,1030,"T_min",27,7.42573444221567,5.83948804641369,8.86069729445935,1.00852871684974,7.75476050267248
1999,1040,"T_min",4,6.94960995507451,5.98865646271413,8.36414409694048,1.02130404111825,6.72558958845224
1999,1050,"T_min",73,4.25727060376961,3.38544879108667,5.34338649478783,0.669724737932079,4.02635836134301
1999,1060,"T_min",144,5.18059810676345,3.7153160779433,8.09591602481398,0.62597619458303,5.26384720286404
1999,1070,"T_min",29,6.15463420332971,4.99536120146513,7.61967762850775,0.93157234962127,5.72553456657028
1999,1080,"T_min",2,6.75550824598926,5.82667137714354,7.68206441459269,1.3119609985466,6.75436789586812
1999,1090,"T_min",74,4.98905011535936,3.47737849234775,9.00921099977755,0.955715535182474,5.05437159505896
1999,1100,"T_min",112,5.24400405859907,4.35637474874303,7.83214957427042,0.571619548618373,5.07672749262589
1999,1110,"T_min",22,6.09504935310642,5.13608121451527,8.37866292237628,1.00264935050912,5.79870245384646
1999,1120,"T_min",1,6.4198925368333,6.4198925368333,6.4198925368333,NA,6.4198925368333
1999,1610,"T_min",52,7.7114084798458,6.52307061746236,9.60226332010401,0.548695301021004,7.6665420620285
1999,1620,"T_min",10,7.7499537557486,7.1900004206926,8.6195358879713,0.53077523086552,7.57101324711829
1999,1630,"T_min",2,7.49504341136289,7.3739785134971,7.61610830922869,0.171211620489121,7.49504341136289
1999,1650,"T_min",61,6.95445348884305,5.82965688181293,7.4615626377126,0.372112705593422,7.05785041786504
1999,1660,"T_min",27,7.75926395256369,7.38125100379388,8.15532162534795,0.212941497043187,7.75415905204349
1999,1670,"T_min",6,7.99046124137544,7.66014718205766,8.24151710856621,0.194882794717113,7.990300530954
1999,1690,"T_min",89,7.00492755354767,5.8863369535538,8.34802475952557,0.652960911793367,7.00071289297478
1999,1700,"T_min",50,8.27672147821595,7.57264684622327,8.71336686176222,0.270868410430901,8.32132874687239
1999,1710,"T_min",10,8.16578310215738,7.90331858311927,8.33750420808792,0.127356568361638,8.14843281237133
1999,1720,"T_min",1,8.12489763790068,8.12489763790068,8.12489763790068,NA,8.12489763790068
1999,1730,"T_min",83,6.84143142305143,6.12578843985333,7.88313686782982,0.435819316792178,6.79999311016693
1999,1740,"T_min",59,7.50596901434727,6.71065682858085,9.66725636036458,0.584504363864187,7.43880659801982
1999,1750,"T_min",5,8.67951071236664,8.33457443118095,9.15386436605972,0.407557784226601,8.41638812675148
1999,1760,"T_min",2,8.93432120051118,8.90506963392022,8.96354785126179,0.0413503440339247,8.93430874259101
1999,3020,"T_min",1,4.13051045114868,4.13051045114868,4.13051045114868,NA,4.13051045114868
1999,3440,"T_min",2,6.67375714704394,6.5144505277276,6.83306376636028,0.225293581612976,6.67375714704394
1999,3450,"T_min",1,4.03655061289214,4.03655061289214,4.03655061289214,NA,4.03655061289214
1999,3550,"T_min",6,6.76586774231367,4.86048841061505,9.19190340614481,1.70574638593042,6.90520952269435
2000,0,"T_min",1,7.16085683594515,7.16085683594515,7.16085683594515,NA,7.16085683594515
2000,1010,"T_min",121,5.15143564329785,3.12344312819847,6.97589039057493,0.813027919351263,5.15004560718078
2000,1020,"T_min",113,7.09661484672336,4.65642858798382,9.71230209573541,1.28428466430588,7.01910841866739
2000,1030,"T_min",6,8.83021890623949,8.29801577792465,9.19861062338082,0.365078217398546,8.866567296652
2000,1050,"T_min",73,3.85399851187487,3.16247070890199,4.74566790114645,0.358674750386718,3.85397371874381
2000,1060,"T_min",143,5.79867101141768,3.6420812163146,9.58800709000541,1.51440014487105,5.52604477864365
2000,1070,"T_min",22,8.81246162009193,6.6734054748918,9.95913572609425,0.966631975100132,9.03570296743915
2000,1090,"T_min",74,4.81518459643111,2.80901518464088,8.36983776943831,1.75354986915911,3.92381465505501
2000,1100,"T_min",112,5.81147223653356,3.67443068534232,9.35374216529275,1.19774123032168,5.50930102866204
2000,1110,"T_min",19,7.78481904143268,5.3291557729429,9.73378742616798,1.26159197686611,7.86800745874643
2000,1120,"T_min",1,8.94591718147026,8.94591718147026,8.94591718147026,NA,8.94591718147026
2000,1610,"T_min",27,9.12282192356447,7.26950127675343,9.9858624220911,0.748360361513868,9.31897947192192
2000,1620,"T_min",7,9.6885783641238,9.52720142248863,9.85704565281641,0.134941041687962,9.68250856777706
2000,1630,"T_min",2,9.59717975057596,9.59550433452128,9.59885516663064,0.00236939610714627,9.59717975057596
2000,1650,"T_min",59,7.37579306045967,6.17177786980753,9.90346996486187,0.780504597266141,7.29259167269874
2000,1660,"T_min",26,7.69784516730168,6.39237988114889,9.54750207066536,1.00622342016888,7.44082427080883
2000,1670,"T_min",5,8.46098300956814,6.8014915069707,9.84707175940275,1.3706982154799,8.58440729358298
2000,1690,"T_min",89,6.6837621246458,4.80298337239089,8.08375740399333,1.03825611160737,7.22125920653343
2000,1700,"T_min",39,8.36463902206306,7.07481348504565,9.93642995506525,0.845400648472161,8.0760216191411
2000,1730,"T_min",83,6.42798548854856,5.11557891806965,7.16209071081604,0.476523215579198,6.49785543565309
2000,1740,"T_min",50,8.04812271345702,6.42362744361162,9.80191061054104,1.15351789564043,7.43105804744572
2000,3020,"T_min",1,3.60495958272236,3.60495958272236,3.60495958272236,NA,3.60495958272236
2000,3440,"T_min",2,8.12095013263127,8.08548704913633,8.15641321612621,0.0501523736421147,8.12095013263127
2000,3450,"T_min",1,4.3256474308297,4.3256474308297,4.3256474308297,NA,4.3256474308297
2000,3550,"T_min",7,7.65103653099193,6.64922026544809,8.65145698483453,0.692136356002694,7.59560916687378
2001,0,"T_min",1,5.67357023969067,5.67357023969067,5.67357023969067,NA,5.67357023969067
2001,1010,"T_min",121,4.41393245579683,3.62788783013821,4.98040508271325,0.268128294865052,4.36624332161368
2001,1020,"T_min",114,5.04083200963803,4.11569568514824,7.18009909063775,0.797852195293839,4.67791956266402
2001,1030,"T_min",27,6.91766041016013,6.48013763575003,7.6787599234734,0.322374946671433,6.90036067002772
2001,1040,"T_min",4,6.79505149920762,6.56059451401234,7.11325149325143,0.238981418021468,6.75382504985722
2001,1050,"T_min",73,3.82069637433469,3.40122704168389,4.19391154869012,0.188242798443103,3.82616891176858
2001,1060,"T_min",144,4.9153368105483,3.74186736399277,6.44577474491468,0.774439899536992,5.14891844395575
2001,1070,"T_min",29,6.44755881950777,5.75406122194155,7.18970101600142,0.425370344158533,6.3973056760733
2001,1080,"T_min",2,6.92655262308323,6.87340430445854,6.97983176527509,0.0752555792478483,6.92661803486681
2001,1090,"T_min",74,4.81910186662577,3.43818477541208,9.89123179349701,1.02683966916362,4.9027218395334
2001,1100,"T_min",112,5.3132664390003,4.02349358399299,6.63617542469214,0.421054246013964,5.1955589340614
2001,1110,"T_min",22,6.33373024855931,5.23418815799933,7.31867428869009,0.638343905231983,6.39293891034209
2001,1120,"T_min",1,5.78420363366604,5.78420363366604,5.78420363366604,NA,5.78420363366604
2001,1610,"T_min",52,7.18090665256967,6.54704259500993,7.95108916666176,0.314736706099406,7.16491212288479
2001,1620,"T_min",10,7.21274219569865,6.70298931258822,7.51194303877426,0.227413668792741,7.27792587137689
2001,1630,"T_min",2,6.899008223791,6.86550098486682,6.93251546271518,0.0473863917242513,6.899008223791
2001,1650,"T_min",61,6.37941625030127,5.90602635435535,6.88286591639565,0.203856922150993,6.33449035078689
2001,1660,"T_min",27,6.32206942127635,5.71523203141835,6.79281968006258,0.268168545284905,6.29440136429591
2001,1670,"T_min",6,6.49173442532674,5.85666459075793,6.94465095718088,0.398548094560414,6.4463097566465
2001,1690,"T_min",89,5.81979429817564,5.47667430007341,6.29125373651886,0.214440336652389,5.81687225609289
2001,1700,"T_min",50,6.24188287674795,5.41612778242049,7.51365144525691,0.451586102725331,6.21195283609151
2001,1710,"T_min",10,6.85758313954021,6.25290465320495,7.44966266883427,0.45442239799247,6.92723676524965
2001,1720,"T_min",1,7.32866271133886,7.32866271133886,7.32866271133886,NA,7.32866271133886
2001,1730,"T_min",83,5.22207582337215,4.83161997299243,5.57771281284207,0.210792580002736,5.23064069159111
2001,1740,"T_min",59,5.85007293800346,4.70026800850826,7.68328593019855,0.861673382076441,5.48403328375597
2001,1750,"T_min",5,7.06697515386293,6.16696266767086,7.58972207914615,0.682254060965901,7.53399125854647
2001,1760,"T_min",2,7.3474244901918,7.00255906154767,7.69199617005716,0.487505654628706,7.34727761580242
2001,3020,"T_min",1,3.46478549045236,3.46478549045236,3.46478549045236,NA,3.46478549045236
2001,3440,"T_min",2,7.20423393115801,7.17275256852968,7.23571529378634,0.0445213699909697,7.20423393115801
2001,3450,"T_min",1,3.79537600677638,3.79537600677638,3.79537600677638,NA,3.79537600677638
2001,3550,"T_min",6,5.18803678802811,4.59058847026782,6.96869295354783,0.891301359205106,4.83465542766
2002,0,"T_min",1,9.48457193440102,9.48457193440102,9.48457193440102,NA,9.48457193440102
2002,1010,"T_min",121,7.5694371474628,5.72201222030573,8.57151691857994,0.534702728800049,7.71654945438547
2002,1020,"T_min",114,7.63147736649515,7.26539060950467,8.16986363361551,0.191728589243198,7.61454614030844
2002,1030,"T_min",27,8.0771065227793,7.54765459988043,8.56740829793877,0.291391164795869,8.03610493508135
2002,1040,"T_min",4,8.22852005231747,7.96164139694159,8.59776757231954,0.269421300505658,8.17806490567723
2002,1050,"T_min",73,6.26943109677797,5.24740050658035,7.64783148241215,0.673244900515118,6.19823373219361
2002,1060,"T_min",144,6.9982093630582,6.09737862909226,7.93026521801949,0.449129567736228,6.99373199494547
2002,1070,"T_min",29,7.67122642177376,6.98783701032126,8.38765089338312,0.463184869537695,7.5362102240324
2002,1080,"T_min",2,7.74739820388957,7.4029053747654,8.09273899550697,0.487786031116833,7.74782218513618
2002,1090,"T_min",74,5.85634559305189,4.36179694533348,9.74367848086706,0.624916154939162,5.79317307920862
2002,1100,"T_min",112,6.2494155088829,5.41804672885443,7.32392451191858,0.400197418031432,6.20188921382824
2002,1110,"T_min",22,6.90564266255971,5.76936780196735,7.98875643857554,0.570307423997713,6.88821653604063
2002,1120,"T_min",1,5.68403022923129,5.68403022923129,5.68403022923129,NA,5.68403022923129
2002,1650,"T_min",56,9.14434554825171,7.99013535608546,9.95833364269121,0.509349654652272,9.16707033510199
2002,1660,"T_min",23,9.33704337156714,8.9633744296329,9.9211420998856,0.256600345242281,9.27455284950348
2002,1670,"T_min",4,9.37266043979031,9.16961993484469,9.67714469879866,0.242621855749831,9.32234344213312
2002,1690,"T_min",89,8.62888689403873,7.50819717887078,9.44543059594215,0.478778518202046,8.69493699073792
2002,1700,"T_min",50,8.98278685775463,8.1368370325901,9.69986998633215,0.356205005021175,9.11018558481819
2002,1710,"T_min",8,9.3654158851427,9.1874027733318,9.54973053652184,0.12390141990441,9.35320496064859
2002,1720,"T_min",1,9.61415449529886,9.61415449529886,9.61415449529886,NA,9.61415449529886
2002,1730,"T_min",83,8.08478720277605,7.08921191880851,8.98704880123866,0.426704657417787,8.11191138625145
2002,1740,"T_min",59,8.22512993297854,7.45324935354646,9.09656089360611,0.415947423217925,8.14040875155821
2002,1750,"T_min",5,8.78263629462836,8.42838435982548,9.23436652367816,0.332257818461074,8.69399438227719
2002,1760,"T_min",2,8.61360123506723,8.59851904918234,8.62867057427827,0.0213203478584493,8.61359481173031
2002,3020,"T_min",1,5.26867624607134,5.26867624607134,5.26867624607134,NA,5.26867624607134
2002,3450,"T_min",1,5.72596938829352,5.72596938829352,5.72596938829352,NA,5.72596938829352
2002,3550,"T_min",6,7.68322576790259,6.10061953961849,9.94089846636089,1.40864660540043,7.29889829456807
2003,0,"T_min",1,7.57171352453502,7.57171352453502,7.57171352453502,NA,7.57171352453502
2003,1010,"T_min",121,4.16213897701788,2.61106394080473,5.59516659075694,0.749831641086024,4.22461116351121
2003,1020,"T_min",114,4.44738016139575,3.19555506211819,5.64548485569977,0.622807340986539,4.5129409085845
2003,1030,"T_min",27,5.37804255500965,5.13993919728895,5.65920078717834,0.143170483885476,5.37260701886477
2003,1040,"T_min",4,5.25244898965286,5.1919233619673,5.32276377081871,0.0555500778047003,5.24749294898178
2003,1050,"T_min",73,2.91143535282109,2.13333003640071,4.00551307747992,0.41294348768498,3.05295241748398
2003,1060,"T_min",144,3.82340540408216,2.64598355253956,5.12494332440329,0.70663698349513,3.79978337159652
2003,1070,"T_min",29,4.79017660483345,4.41116882474775,5.3948603725827,0.231205856763314,4.71489341543537
2003,1080,"T_min",2,4.89786216479225,4.84784919918064,4.94775232672691,0.070642178949712,4.89780076295377
2003,1090,"T_min",74,3.70139796439525,1.8803652894666,8.92399030755803,1.31666055453458,3.12154529931292
2003,1100,"T_min",112,4.3370646294836,3.11751139516914,5.1850060295941,0.517716513519933,4.44484297948542
2003,1110,"T_min",22,3.83456771826802,3.33191167134203,4.46443293493432,0.353695115226497,3.7360871606916
2003,1120,"T_min",1,3.44976374005262,3.44976374005262,3.44976374005262,NA,3.44976374005262
2003,1610,"T_min",52,8.01514175930417,7.0503668826159,8.6664343820327,0.431692429940089,8.22989803777866
2003,1620,"T_min",10,7.63897046195386,7.42994258566413,7.82051498462148,0.136170084843592,7.65863311530629
2003,1630,"T_min",2,7.42919708273664,7.41674926400118,7.4416449014721,0.0176038740776491,7.42919708273664
2003,1650,"T_min",61,7.36651440125301,6.1848506256938,8.07921265555153,0.543354751406921,7.54623979918193
2003,1660,"T_min",27,7.56812672407049,7.39419590542579,7.81826539228913,0.126777474727468,7.52896876984986
2003,1670,"T_min",6,7.53186106518456,7.39460367754238,7.62912352153945,0.0883468690100951,7.53401031867719
2003,1690,"T_min",89,6.71372360724076,4.81092676545535,8.11895422982366,0.902870136342542,7.07493912508642
2003,1700,"T_min",50,7.248523499908,6.41583562688972,7.88247752715978,0.366098947391444,7.23334059912862
2003,1710,"T_min",10,6.50159179286854,6.13772789025284,7.17321297677141,0.323921647701273,6.48930637639217
2003,1720,"T_min",1,6.21233619154895,6.21233619154895,6.21233619154895,NA,6.21233619154895
2003,1730,"T_min",83,6.01156524082058,3.60201748237233,7.07718913392264,0.739564107657717,6.06925592929385
2003,1740,"T_min",59,5.94276850901756,5.12929816960495,6.79353567713475,0.485700449687726,6.02645028544989
2003,1750,"T_min",5,5.89845100343751,5.69861133565594,6.08180450803711,0.145337293679143,5.93438560158868
2003,1760,"T_min",2,5.74043535175023,5.6723330967393,5.80859566421455,0.0963521854836389,5.74046438047693
2003,3020,"T_min",1,2.24511703561568,2.24511703561568,2.24511703561568,NA,2.24511703561568
2003,3440,"T_min",2,7.30995774180138,7.30402540415525,7.31589007944752,0.00838959235574074,7.30995774180139
2003,3450,"T_min",1,2.5705682617323,2.5705682617323,2.5705682617323,NA,2.5705682617323
2003,3550,"T_min",8,7.07866508717966,5.36964020133018,9.08482760023381,1.51435386985499,6.96245683430549
2004,0,"T_min",1,4.92911729454978,4.92911729454978,4.92911729454978,NA,4.92911729454978
2004,1010,"T_min",121,3.92475428912044,3.20414927794839,4.60010162137548,0.347242940845198,3.92779716133641
2004,1020,"T_min",114,3.51144065759091,2.86056313918787,5.02466484886751,0.34382990990388,3.4707785435021
2004,1030,"T_min",27,5.06876103190134,3.49709174026251,7.39692053683112,0.985777596012783,4.80296149543768
2004,1040,"T_min",4,5.79628822765733,3.68292046742491,7.5899809996742,1.84665264587574,5.95771142240341
2004,1050,"T_min",73,2.73971702711744,1.82757980956088,3.61616211582008,0.458217716958611,2.73390126422419
2004,1060,"T_min",144,2.89075918850435,2.03701896965504,6.04247146948879,0.850979112278309,2.62734029770234
2004,1070,"T_min",29,5.14683967635089,3.92310526348597,6.35951610947901,0.733127263688202,5.2918609238963
2004,1080,"T_min",2,4.79602847947858,4.77911000624372,4.8129885972109,0.0239557814099381,4.79604930172731
2004,1090,"T_min",74,3.48654176838938,1.32118412502302,8.58056548552876,1.69261567983442,3.64846406937136
2004,1100,"T_min",112,3.91659502178302,2.14802990966307,7.39410174451787,1.3939047690179,3.19986065210855
2004,1110,"T_min",22,6.00134431382765,4.93379418032992,6.67145622432749,0.532363120717454,6.09661097364988
2004,1120,"T_min",1,6.66008734325673,6.66008734325673,6.66008734325673,NA,6.66008734325673
2004,1610,"T_min",52,6.24830824648534,4.27792681768146,8.55175165906149,0.669689989564384,6.25461934104002
2004,1620,"T_min",10,5.63841503727975,4.36728259575314,6.03327000921616,0.486433836816535,5.81544497918418
2004,1630,"T_min",2,4.93682981240665,4.75440063584445,5.11925898896884,0.257993815666812,4.93682981240664
2004,1650,"T_min",61,5.53250028173621,4.87443421975173,6.00422338484426,0.257402869233299,5.56071939451665
2004,1660,"T_min",27,5.18504883702989,4.3746155608773,5.54279922617854,0.340511428688339,5.33728082894683
2004,1670,"T_min",6,5.11482123697284,4.9011203813505,5.48472763468817,0.199105480860964,5.06038615208456
2004,1690,"T_min",89,5.1197162659885,4.30867282794925,5.46998506039381,0.202839367502,5.13797371966523
2004,1700,"T_min",50,5.28167795240307,4.55142725408785,6.83052679121925,0.43082982322143,5.25086954985346
2004,1710,"T_min",10,6.17141779726312,5.61973066353774,6.71658211777772,0.35747264085554,6.21061476455118
2004,1720,"T_min",1,6.23455002206867,6.23455002206867,6.23455002206867,NA,6.23455002206867
2004,1730,"T_min",83,4.67180454996541,3.79179950728832,5.10941183784379,0.285286262417891,4.7099833836186
2004,1740,"T_min",59,4.47371848883567,3.62150139526453,6.52862462097187,0.669165233774539,4.27829830348492
2004,1750,"T_min",5,4.30500673357129,3.50324162324334,5.81487674472351,0.945741647317121,3.92307622768722
2004,1760,"T_min",2,4.20937505897692,4.07048481378177,4.34838370867916,0.196504193066192,4.20943426123046
2004,3020,"T_min",1,2.1698304580036,2.1698304580036,2.1698304580036,NA,2.1698304580036
2004,3440,"T_min",2,6.84893642784599,6.83090509086915,6.86696776482283,0.0255001613003665,6.84893642784599
2004,3450,"T_min",1,2.48189172597565,2.48189172597565,2.48189172597565,NA,2.48189172597565
2004,3550,"T_min",6,5.38566636995751,4.05124059319496,6.87359643839191,1.11945245123861,5.27918333932758
2005,0,"T_min",1,6.17666822342703,6.17666822342703,6.17666822342703,NA,6.17666822342703
2005,1010,"T_min",121,3.89140371885374,2.8106577167015,4.6203106304441,0.362925475033103,3.90031568742631
2005,1020,"T_min",114,3.81864108028194,3.1649697833545,4.493636906147,0.312941097686413,3.87457016364803
2005,1030,"T_min",27,4.78016059264196,4.02933802488454,5.88937060531672,0.448240263531505,4.72231030519447
2005,1040,"T_min",4,4.78644712860926,4.44755874440947,5.5644270236093,0.521502060669323,4.5682606903414
2005,1050,"T_min",73,2.74037862710603,2.22719341425829,3.52655163647154,0.26115904343678,2.67937753769189
2005,1060,"T_min",144,3.60886195832262,2.75920897722244,4.53655378222003,0.417897988578165,3.48751079686805
2005,1070,"T_min",29,4.28599487017708,3.97637552284122,4.85161212869459,0.184262640472584,4.26583493406121
2005,1080,"T_min",2,4.72712250549247,4.63142023992611,4.82258978019275,0.135177278278856,4.72700501005943
2005,1090,"T_min",74,4.38423685747797,2.2242274377913,7.2996307387948,1.41118373116568,4.30107419821364
2005,1100,"T_min",112,4.05202441173176,3.23236794769764,4.69507711603902,0.346914350433348,4.02401047423074
2005,1110,"T_min",22,4.2749652989805,3.85427581636661,4.98508030531708,0.291758623570676,4.24155989119215
2005,1120,"T_min",1,4.90498191651302,4.90498191651302,4.90498191651302,NA,4.90498191651302
2005,1610,"T_min",52,5.85589244949567,4.33026318236596,7.42968864398579,0.524494355251301,5.84168475339601
2005,1620,"T_min",10,6.77455228155118,6.46054356972229,7.2995244064632,0.268396509369097,6.68843647694028
2005,1630,"T_min",2,6.60712608820042,6.51848006643059,6.69577210997025,0.125364406237314,6.60712608820042
2005,1650,"T_min",61,5.58037867605018,4.30486789802991,6.18733738443055,0.442790652651323,5.72394149218342
2005,1660,"T_min",27,5.86894795479511,4.85245864625475,6.65174185355174,0.475824244906064,5.98822183018985
2005,1670,"T_min",6,6.29112752786241,5.25419798728987,6.72153139485895,0.553772521931516,6.45880919445774
2005,1690,"T_min",89,5.17286323231938,4.70670026913507,5.74845553375177,0.221597711709252,5.14164374304436
2005,1700,"T_min",50,5.36631425978723,4.71101336357395,6.84821834254937,0.486114022587913,5.35370780629728
2005,1710,"T_min",10,6.18473742715979,5.0561540722847,7.08339214334956,0.751416493543516,6.313822870694
2005,1720,"T_min",1,5.91093567742998,5.91093567742998,5.91093567742998,NA,5.91093567742998
2005,1730,"T_min",83,4.59591374501264,4.21897032111883,4.97427177947376,0.192233890673332,4.60667963805903
2005,1740,"T_min",59,4.50787338915839,4.14539653349747,5.09224111277676,0.212302987984677,4.48630160875568
2005,1750,"T_min",5,4.88582319229937,4.44678226311854,5.49963570772108,0.413194542672403,4.82233034238074
2005,1760,"T_min",2,5.16924934485422,5.13459007283923,5.20387909486446,0.0489947373358242,5.16923458385184
2005,3020,"T_min",1,2.45967084933294,2.45967084933294,2.45967084933294,NA,2.45967084933294
2005,3440,"T_min",2,5.17474033603377,5.1368277236887,5.21265294837884,0.0536165305633912,5.17474033603377
2005,3450,"T_min",1,2.08975495398045,2.08975495398045,2.08975495398045,NA,2.08975495398045
2005,3550,"T_min",8,7.32415515552346,5.57376771732567,9.07700708057151,1.35397749739667,6.93366852892703
2006,0,"T_min",1,8.85244985551561,8.85244985551561,8.85244985551561,NA,8.85244985551561
2006,1010,"T_min",121,5.73934476415068,3.99264505505562,6.56458535364589,0.512418612089792,5.81637803663286
2006,1020,"T_min",114,6.24861647501119,4.86509388773318,9.14242405534371,0.90593977769866,6.19782327405126
2006,1030,"T_min",26,7.84866856099334,6.12415020412299,9.84193707647511,1.14048014277652,7.90409017067168
2006,1040,"T_min",4,7.2345509567915,6.72241596917249,8.05331584811211,0.574800811691067,7.08278942161099
2006,1050,"T_min",73,4.75102120421674,3.39756192220756,5.68601787371668,0.518230944553373,4.91950884526621
2006,1060,"T_min",144,4.97614992974209,4.09049119537351,9.85144157209542,0.791415330303236,4.85796945783384
2006,1070,"T_min",29,5.38758160606217,4.424980875671,8.04984009731433,1.0068903463575,5.21890878544324
2006,1080,"T_min",2,5.34515382015328,5.08448431181901,5.6051832709804,0.368189764979796,5.34483379139971
2006,1090,"T_min",74,4.74838987526181,2.9459822550416,9.31625766490536,1.42851313097528,4.21506722925709
2006,1100,"T_min",112,4.59492313615939,3.52485102856493,6.26269446008418,0.505865033645653,4.66524499836452
2006,1110,"T_min",22,5.04846404623041,4.49124648082691,5.68488786908878,0.362447994466466,5.01958943967868
2006,1120,"T_min",1,5.71356251237847,5.71356251237847,5.71356251237847,NA,5.71356251237847
2006,1610,"T_min",41,9.01469542386513,8.37845927334977,9.81398366260486,0.374853920910797,8.94868164902132
2006,1620,"T_min",8,9.45868401653915,8.89341662093288,9.79794011151776,0.33296565150353,9.55340678554537
2006,1630,"T_min",2,9.12787511242036,9.12461243323452,9.13113779160619,0.00461412515428027,9.12787511242036
2006,1650,"T_min",61,7.75693530774149,6.89194381378446,9.46664560443752,0.789836052119516,7.39391269489108
2006,1660,"T_min",27,8.44607431722878,7.19126835478538,9.40247811377048,0.670719139102651,8.63168358061924
2006,1670,"T_min",6,8.94194479791157,7.97347942739725,9.76501641922273,0.69317490921864,8.84597251891678
2006,1690,"T_min",89,6.73662591105894,6.17551985357987,7.25991891057793,0.259110070446175,6.74926609636156
2006,1700,"T_min",49,7.17524161108404,6.80602688805162,7.88904209438903,0.308665132345681,7.03052547598786
2006,1710,"T_min",10,7.49064257167034,6.99007771587521,8.33020265624215,0.478701458820357,7.33291684573664
2006,1720,"T_min",1,7.19094450817115,7.19094450817115,7.19094450817115,NA,7.19094450817115
2006,1730,"T_min",83,6.51313697997795,5.78273874521255,7.15576428297734,0.327881446225635,6.56269457603977
2006,1740,"T_min",54,7.51892668946283,6.57419316391649,9.81044954806566,0.655641175813161,7.35772383804573
2006,1750,"T_min",1,9.79287088662386,9.79287088662386,9.79287088662386,NA,9.79287088662386
2006,3020,"T_min",1,3.56643362421045,3.56643362421045,3.56643362421045,NA,3.56643362421045
2006,3440,"T_min",2,9.40205818077643,9.00312112847211,9.80099523308075,0.564182189901914,9.40205818077643
2006,3450,"T_min",1,4.44163336604834,4.44163336604834,4.44163336604834,NA,4.44163336604834
2006,3550,"T_min",8,8.05621197571108,6.47678581691812,9.62494741697239,1.34450479973766,7.690730941055
2007,0,"T_min",1,7.02045858459254,7.02045858459254,7.02045858459254,NA,7.02045858459254
2007,1010,"T_min",121,5.41385808213926,3.29242837429047,6.40219219521469,0.639751805290667,5.48112323114602
2007,1020,"T_min",114,5.34191034671681,4.38046663739866,6.36455744100824,0.479953412413128,5.3696735884528
2007,1030,"T_min",27,4.49626644130558,3.92005269571338,5.19451203070462,0.357220644246875,4.45363945371113
2007,1040,"T_min",4,3.7290361849427,3.34825395746582,4.03716563882996,0.311931532245029,3.76574719321638
2007,1050,"T_min",73,4.00906706192008,2.35211666553105,5.16949225318731,0.710340451136721,3.99429861696705
2007,1060,"T_min",144,4.41953406850054,3.26039850289493,5.2629212428555,0.393166882277758,4.42117550196518
2007,1070,"T_min",29,4.14754949939257,3.82857754826546,4.58857934968721,0.167590811628774,4.17209389060736
2007,1080,"T_min",2,4.4009294147165,4.19622703016752,4.60613567025988,0.289849179076263,4.4011813502137
2007,1090,"T_min",74,4.22530046087571,2.50290546054306,7.56199820082093,1.11452998316465,4.2447896452097
2007,1100,"T_min",112,4.18688480772065,2.91595204174519,5.01075047794007,0.562755574257256,4.21113299848666
2007,1110,"T_min",22,3.90163241488132,3.42741000534495,4.61734827298169,0.344119530375305,3.76512647225753
2007,1120,"T_min",1,3.40691466903835,3.40691466903835,3.40691466903835,NA,3.40691466903835
2007,1610,"T_min",52,8.1047040257022,7.11589781956735,9.9005401879549,0.518954095386896,8.05778474058708
2007,1620,"T_min",10,7.75156195225623,7.08277863908131,8.6021806956853,0.57045418564718,7.64331994793356
2007,1630,"T_min",2,7.22128163221831,7.18288843337217,7.25967483106444,0.0542961825110909,7.22128163221831
2007,1650,"T_min",61,7.2649970168687,6.44070181997132,8.02536932018664,0.378097045166465,7.28634710582875
2007,1660,"T_min",27,7.06527744565175,6.57310392771082,7.51066898474732,0.277929522443795,7.09670140664324
2007,1670,"T_min",6,7.42326472786383,6.77637836200236,7.92784114962255,0.424491223757417,7.48970720721116
2007,1690,"T_min",89,6.50846282166794,5.64137700945139,7.22492142766714,0.327530212545356,6.58425550762934
2007,1700,"T_min",50,6.15691945558013,3.94671358010331,6.90819404884452,0.533116563867982,6.15175729450161
2007,1710,"T_min",10,5.58877801086986,4.17330884954609,7.01056214547659,0.981254298919691,5.48257158244379
2007,1720,"T_min",1,4.8010742154648,4.8010742154648,4.8010742154648,NA,4.8010742154648
2007,1730,"T_min",83,5.93476995995329,5.050027374125,6.69526630133063,0.480260293130295,5.93023391030864
2007,1740,"T_min",59,5.82087714767221,4.26721646760527,6.59346787126617,0.565423583438874,5.85038381405951
2007,1750,"T_min",5,4.3544933529228,3.90800108133239,4.60435753894159,0.308264874541177,4.4971268437897
2007,1760,"T_min",2,4.35983783679655,4.22843585639639,4.49135183792715,0.185909673422717,4.35989384716177
2007,3020,"T_min",1,2.52534413208546,2.52534413208546,2.52534413208546,NA,2.52534413208546
2007,3440,"T_min",2,8.2690885876855,8.18885357573324,8.34932359963775,0.113469442080045,8.26908858768549
2007,3450,"T_min",1,4.09665213525295,4.09665213525295,4.09665213525295,NA,4.09665213525295
2007,3550,"T_min",8,6.73333178070379,5.19863816857864,8.81643075426837,1.47174270615664,6.51741722760216
2008,0,"T_min",1,9.04947350772987,9.04947350772987,9.04947350772987,NA,9.04947350772987
2008,1010,"T_min",121,6.14284215030616,4.3845496300273,6.98687705397606,0.621326536932578,6.33500169217587
2008,1020,"T_min",114,6.06044650824879,4.88183234632015,7.06913307552637,0.488334327387296,6.06100547856209
2008,1030,"T_min",27,7.12077250821053,5.95632802695036,8.66540556869247,0.777752956525004,6.8735713653734
2008,1040,"T_min",4,7.67624949030337,6.1500080704463,8.445052008803,1.03412065682027,8.05546332874166
2008,1050,"T_min",73,4.54792763634087,3.62133827262226,5.88988091432734,0.583319429206247,4.39036227017641
2008,1060,"T_min",144,4.85263636150737,4.11655480156112,7.95793498819639,0.588561000463432,4.7076020100473
2008,1070,"T_min",29,6.81129474086227,4.92578663735404,8.19064847910906,0.923768771210922,6.93096193112101
2008,1080,"T_min",2,8.32982318107087,8.25430350077971,8.40552875160698,0.106932400346599,8.32991612619334
2008,1090,"T_min",74,4.61154273788407,2.84344006329775,7.91058375646272,0.994148901852974,4.46732869208842
2008,1100,"T_min",112,5.38492474162134,4.21897032111883,6.56732707665814,0.638184684421224,5.25721001252532
2008,1110,"T_min",22,6.66913083582288,5.69655035207065,7.25814719132668,0.351032357331777,6.58315425494937
2008,1120,"T_min",1,6.43712674336179,6.43712674336179,6.43712674336179,NA,6.43712674336179
2008,1610,"T_min",12,9.74374353824717,9.25758333699462,9.98891942389085,0.208033816280788,9.74745818953864
2008,1650,"T_min",51,8.76176776456791,7.91318181592166,9.84235710683827,0.542095267759921,8.74178737908557
2008,1660,"T_min",27,8.90437701543344,8.44217429375764,9.560843435651,0.296776599959616,8.90916370459935
2008,1670,"T_min",6,9.08848349374019,8.91168000572895,9.25408171161574,0.133916319352948,9.05075656227831
2008,1690,"T_min",89,8.05357728161632,7.0098339501456,9.48670919984579,0.625773382422575,8.01790768702686
2008,1700,"T_min",50,8.13669867581202,6.88872952759266,9.00646124246768,0.450430550359652,8.25005343100041
2008,1710,"T_min",10,8.35797969993719,7.74126258581026,9.1887429606562,0.370249621880111,8.26057324413661
2008,1720,"T_min",1,8.20367227690016,8.20367227690016,8.20367227690016,NA,8.20367227690016
2008,1730,"T_min",83,6.84295865624515,5.81633531824895,7.81925769746987,0.349953154286908,6.81881786841703
2008,1740,"T_min",59,7.03813646329038,6.40461941712077,7.93723804866348,0.424936344656377,6.99845006379198
2008,1750,"T_min",5,7.50726841453113,7.08855171804152,7.86136668231288,0.333760354740754,7.44560898660234
2008,1760,"T_min",2,7.59428853752583,7.52409266253959,7.66454425478512,0.0993142733052625,7.59431845866236
2008,3020,"T_min",1,3.78327103992332,3.78327103992332,3.78327103992332,NA,3.78327103992332
2008,3440,"T_min",1,9.76038079444985,9.76038079444985,9.76038079444985,NA,9.76038079444985
2008,3450,"T_min",1,4.20310205083117,4.20310205083117,4.20310205083117,NA,4.20310205083117
2008,3550,"T_min",8,6.27335429110141,4.17722100019455,8.35277886423822,1.59166306611188,6.59861615520419
2009,0,"T_min",1,8.14715247430954,8.14715247430954,8.14715247430954,NA,8.14715247430954
2009,1010,"T_min",121,5.77837323276961,4.42918236920988,6.70946597688267,0.577339414319688,5.72267831861973
2009,1020,"T_min",114,5.44347078673367,4.56572764095974,8.30206030008199,0.766322077756752,5.17273639404503
2009,1030,"T_min",27,6.9896021705839,5.78379291242352,7.86647750112773,0.673974890458044,7.20949913104906
2009,1040,"T_min",4,6.97043320542425,6.36420108510069,7.40816330754379,0.502137399713608,7.05583156056297
2009,1050,"T_min",73,4.58770941505533,3.63569475914764,5.17161200752865,0.383190206642954,4.65525299207164
2009,1060,"T_min",144,4.73899170073545,3.81392866373062,8.50401813533242,0.766629549628352,4.53024526938952
2009,1070,"T_min",24,6.85086175424383,5.1916724010297,9.7711053191662,1.36849451572619,6.20843281522102
2009,1080,"T_min",2,7.68553152257834,5.98824442559794,9.37865103833629,2.397379506847,7.68344773196712
2009,1090,"T_min",74,4.06472150613475,2.49772638827562,7.40965497445435,0.962994016890352,4.00585683740611
2009,1100,"T_min",112,5.049877297753,3.66077429138517,9.62927183136366,1.01787526997672,4.87917941955435
2009,1110,"T_min",22,7.16189306468231,5.66317965342254,9.08824731653437,1.28108868828981,6.76610595516923
2009,1120,"T_min",1,6.17776849085563,6.17776849085563,6.17776849085563,NA,6.17776849085563
2009,1610,"T_min",52,7.68230350093154,6.65593171340493,8.43010687997767,0.466568893320895,7.66007343580266
2009,1620,"T_min",10,8.5713802799958,8.32675163900598,8.9009621932083,0.220058281524862,8.44385815896824
2009,1630,"T_min",2,8.52778834972655,8.40351823023865,8.65205846921445,0.175744488377514,8.52778834972655
2009,1650,"T_min",61,6.58652549756194,5.18336824461588,8.08947657707712,0.724934594910488,6.48866714890055
2009,1660,"T_min",27,8.30910840749889,6.8295495585463,9.36376687883093,0.569958755466854,8.45679211983914
2009,1670,"T_min",6,8.7185787134957,8.42521080419747,8.95186006383762,0.219275547058115,8.74999587025392
2009,1690,"T_min",89,5.93531990154161,4.78536453152306,7.68950628861953,0.760986428387672,5.83638854896059
2009,1700,"T_min",50,8.0842438757012,7.24982453137636,9.49938622160615,0.573334403961132,8.03135966684829
2009,1710,"T_min",9,9.12972260167446,7.51362886410261,9.71626565376178,0.6920611725885,9.37443650545509
2009,1720,"T_min",1,9.43661362381176,9.43661362381176,9.43661362381176,NA,9.43661362381176
2009,1730,"T_min",83,6.05132152260356,4.75354261996105,7.12442591697473,0.567848429682595,6.25215833639958
2009,1740,"T_min",59,6.81596036754835,5.29800066944991,8.56680077743356,0.870337932088661,6.73005846835869
2009,1750,"T_min",5,7.65547535282654,7.01798640193443,8.58510037301344,0.608600370141704,7.42362116494618
2009,1760,"T_min",2,7.42948728860678,7.33460845621385,7.52428530529936,0.134121786222461,7.4294468807566
2009,3020,"T_min",1,3.85611746642892,3.85611746642892,3.85611746642892,NA,3.85611746642892
2009,3440,"T_min",2,7.46222234432912,7.43720959540737,7.48723509325088,0.0353733687573791,7.46222234432912
2009,3450,"T_min",1,4.74674759399714,4.74674759399714,4.74674759399714,NA,4.74674759399714
2009,3550,"T_min",8,6.44802620102005,4.65990174561739,9.18369831065816,1.49968049489502,6.3896399514849
2010,0,"T_min",1,5.77384973406724,5.77384973406724,5.77384973406724,NA,5.77384973406724
2010,1010,"T_min",121,3.45198782461503,3.07036443537644,4.54519341025163,0.307950753657716,3.39939979523262
2010,1020,"T_min",114,4.79213321836385,3.33403980274723,6.77501805376394,0.713865706635759,4.69016913745288
2010,1030,"T_min",27,6.87406545769014,5.43934355401715,8.10648880786005,0.699288809937353,6.97739888243111
2010,1040,"T_min",4,7.50407917318529,7.06158500291788,8.16464737057686,0.478166101889083,7.39633882641243
2010,1050,"T_min",73,3.47038889876463,2.20449658761485,4.61897237237263,0.577273100904459,3.51873799500917
2010,1060,"T_min",144,4.62965991467483,3.62213146841019,6.36997979905113,0.529376331334174,4.48576725674172
2010,1070,"T_min",29,6.93475395452334,5.50704532500003,8.29575488716364,0.671672931106618,6.75644076054339
2010,1080,"T_min",2,6.42555261564939,6.05755663436751,6.7926450060513,0.519785972388986,6.4251008202094
2010,1090,"T_min",74,4.77694795932587,3.88890154096641,8.5856522236231,0.897017268787468,4.60652926223282
2010,1100,"T_min",112,5.91145280608987,4.30527166308002,9.62434279119957,1.43225166755894,5.26361585313536
2010,1110,"T_min",18,8.91499297122265,7.14653474872487,9.86770432103233,0.944909788278212,9.3372476051519
2010,1120,"T_min",1,9.88692683480245,9.88692683480245,9.88692683480245,NA,9.88692683480245
2010,1610,"T_min",52,5.9553093752586,5.36431207392335,6.58758497729667,0.330104581533964,5.93514335883373
2010,1620,"T_min",10,6.64057134961469,6.28734684443483,6.87906823717636,0.195719206635284,6.68073516803714
2010,1630,"T_min",2,6.41172126825347,6.39484429982075,6.42859823668619,0.0238676376492948,6.41172126825347
2010,1650,"T_min",61,5.18421004596177,4.6359939800466,6.05515720922636,0.333422378350806,5.13351474092103
2010,1660,"T_min",27,6.24155414458274,5.54406496630819,6.99079333891267,0.384288072319046,6.26089308367076
2010,1670,"T_min",6,6.68997849604641,6.1716963374219,7.15980184823843,0.3403956100195,6.7460075028459
2010,1690,"T_min",89,4.74014754780886,4.32235447252539,5.59331285796962,0.302130471066095,4.67647261015362
2010,1700,"T_min",50,6.07600223303598,5.01047582772604,7.40960198667756,0.571701731446061,6.03968216316395
2010,1710,"T_min",10,7.25466194259863,6.66846034371382,7.82875553103198,0.354192171064004,7.29507339000715
2010,1720,"T_min",1,6.92404963574342,6.92404963574342,6.92404963574342,NA,6.92404963574342
2010,1730,"T_min",83,4.23802552375329,3.72599364522113,4.84166036756484,0.27204371204017,4.22482987493277
2010,1740,"T_min",59,5.78357461803661,4.30693415920672,7.38648073302596,0.905682549954856,5.67188484897484
2010,1750,"T_min",5,7.73410962638676,7.35123148295919,8.07817077808923,0.314853759860319,7.67244485020638
2010,1760,"T_min",2,7.70998857017366,7.59787477677487,7.82200686751179,0.158485321241595,7.70994082214333
2010,3020,"T_min",1,2.59449028512888,2.59449028512888,2.59449028512888,NA,2.59449028512888
2010,3440,"T_min",2,5.43956136144741,5.43351266399275,5.44561005890207,0.0085541499750719,5.43956136144741
2010,3450,"T_min",1,3.20966217666864,3.20966217666864,3.20966217666864,NA,3.20966217666864
2010,3550,"T_min",8,6.73065026880302,5.29053622484207,8.77445844699516,1.29957785227817,6.35941601882394
2011,0,"T_min",1,7.56830913206924,7.56830913206924,7.56830913206924,NA,7.56830913206924
2011,1010,"T_min",121,4.85468176714658,3.28513881344563,5.78319189941467,0.45701385915289,4.83998669837602
2011,1020,"T_min",114,4.68243488480565,3.84803825567694,5.65798113857377,0.537020146905873,4.56876996939403
2011,1030,"T_min",27,5.35726804887487,4.72509920597688,6.21817364684214,0.405791730960549,5.28586477988789
2011,1040,"T_min",4,5.40105245262321,5.12643445695423,5.77565853853656,0.28035402873934,5.35181571155194
2011,1050,"T_min",73,3.36067354877522,2.48177918282155,4.49656668305397,0.531183455346105,3.29391330810618
2011,1060,"T_min",144,4.35505353508956,2.66408375737081,5.61991634674126,0.615023512100462,4.26613873556489
2011,1070,"T_min",29,5.67782632026729,5.21714113336105,6.01812628911417,0.177258134616756,5.62415823252251
2011,1080,"T_min",2,6.07528053072565,5.98949859289365,6.16127361915276,0.121463285906314,6.0753861060232
2011,1090,"T_min",74,5.14279721582917,2.50606792099674,8.77625898653632,1.2931002942938,4.97389517475662
2011,1100,"T_min",112,5.32213502215813,4.56767611345359,7.22058868620154,0.403720123337615,5.31233035074796
2011,1110,"T_min",22,5.83286904112524,5.52219449017584,6.95420942100703,0.475929611870491,5.61622779420953
2011,1120,"T_min",1,5.46665728233308,5.46665728233308,5.46665728233308,NA,5.46665728233308
2011,1610,"T_min",52,8.01612988082616,7.46337030851725,8.50163774377071,0.314961851399168,8.06399110349076
2011,1620,"T_min",10,8.04919356619741,7.52331877976001,8.63093271857545,0.39711022674728,8.0372084473352
2011,1630,"T_min",2,8.1222148363835,8.07755561571891,8.16687405704808,0.0631576755488683,8.1222148363835
2011,1650,"T_min",61,7.36118581878322,5.83513574822021,7.83740178163514,0.327874796739869,7.44633380704791
2011,1660,"T_min",27,7.4638549265055,6.31790603383136,8.14998504095519,0.560401965515721,7.59889528279731
2011,1670,"T_min",6,7.44251537573781,6.55976034911388,8.02037608027216,0.669598833781295,7.74776951448373
2011,1690,"T_min",89,6.32957772020706,5.59883317148802,6.93340862542391,0.272059719405624,6.34132789369092
2011,1700,"T_min",50,6.27449168360822,6.04263954347147,6.77716903878172,0.158232836051312,6.22768598306224
2011,1710,"T_min",10,6.30015071994709,6.19803462177515,6.5056611970067,0.104726839065354,6.27135418721655
2011,1720,"T_min",1,6.32382435453238,6.32382435453238,6.32382435453238,NA,6.32382435453238
2011,1730,"T_min",83,5.62400500119256,5.02784241230655,6.24339400330104,0.319547221884897,5.60521063564613
2011,1740,"T_min",59,5.9398601855089,5.39540275450646,6.50871502999998,0.27774794982339,5.93596288918146
2011,1750,"T_min",5,6.35666601822159,6.10272000023217,6.57243173051346,0.194490212168584,6.34358146380291
2011,1760,"T_min",2,6.43258734490844,6.31756756370351,6.54770518095141,0.162731869762104,6.43263637232746
2011,3020,"T_min",1,2.41307914097753,2.41307914097753,2.41307914097753,NA,2.41307914097753
2011,3440,"T_min",2,7.48828862622135,7.48054560579954,7.49603164664317,0.0109502844942626,7.48828862622135
2011,3450,"T_min",1,2.79427175769043,2.79427175769043,2.79427175769043,NA,2.79427175769043
2011,3550,"T_min",7,7.42685466961728,6.41850033402443,9.85732597857714,1.1192969027557,7.00897738601863
2012,0,"T_min",1,8.95010673832708,8.95010673832708,8.95010673832708,NA,8.95010673832708
2012,1010,"T_min",121,8.14779393583327,6.80523088574409,9.04907678193016,0.45820670301264,8.15021338893773
2012,1020,"T_min",114,8.32277696376975,7.22578221581531,9.03552355617285,0.482456675394214,8.49819550510792
2012,1030,"T_min",27,8.79404558553493,8.06537736452926,9.54284107552999,0.43691472549822,8.92851502285694
2012,1040,"T_min",4,8.76284696014825,8.34632615254831,9.70427420290556,0.632252423385104,8.50205131397361
2012,1050,"T_min",73,6.99891841997382,5.72846797372486,8.39390852552898,0.787920392741092,6.80058115377312
2012,1060,"T_min",144,7.48090754460369,6.78393738172315,8.18085835213426,0.369433234517837,7.49321402782735
2012,1070,"T_min",29,7.52060378281144,6.5567735753843,8.34221721075019,0.509820687741077,7.59041109681129
2012,1080,"T_min",2,8.03556807950349,7.82943629725087,8.24220725118555,0.291873140604052,8.03582177421821
2012,1090,"T_min",74,6.59318627352047,5.25299089503588,7.93099766224623,0.722066249669934,6.46284932171912
2012,1100,"T_min",112,6.89205182921621,6.2834128059,9.28089343284318,0.48881159952691,6.82094759632484
2012,1110,"T_min",22,7.37681487890949,6.45794716940548,9.67406224706038,0.805761113811571,7.11535318295454
2012,1120,"T_min",1,9.64390329655815,9.64390329655815,9.64390329655815,NA,9.64390329655815
2012,1610,"T_min",52,9.27274132677577,8.95344518737684,9.91427959338284,0.211859447724405,9.22770273219199
2012,1620,"T_min",10,9.47728360604515,9.0845404257481,9.68162930458527,0.157050903024454,9.51228766974695
2012,1630,"T_min",2,9.34873389066812,9.34240760288446,9.35506017845177,0.00894672198312039,9.34873389066811
2012,1650,"T_min",61,8.81068249799318,8.45134263949065,9.04039748035909,0.135967875483107,8.86390237463305
2012,1660,"T_min",20,9.15259908063687,8.77831172990185,9.98711237554105,0.327209269133409,9.12056100231868
2012,1670,"T_min",3,9.23842174582968,9.04062755980149,9.39325709751505,0.180176164773801,9.28120474307547
2012,1690,"T_min",89,8.78805507613411,7.8655665148436,9.35056842119339,0.277494728791782,8.84289072453976
2012,1700,"T_min",44,9.33815064646462,8.62102884944952,9.95254372805357,0.345775161704848,9.35298542907
2012,1710,"T_min",2,9.83610126867819,9.68842181847056,9.98403882980347,0.209032793347601,9.83623032413702
2012,1730,"T_min",83,8.05434894548857,7.55313398317565,8.53832986786533,0.246069918568649,8.06064029037952
2012,1740,"T_min",59,8.85025196583486,8.37128361275443,9.80653095636691,0.34556240633349,8.76628884494551
2012,1750,"T_min",5,9.33037357837833,8.85072277002493,9.6574007267949,0.324049084415758,9.45839668004295
2012,1760,"T_min",2,9.33081193491084,9.2692201317146,9.39245624537343,0.0871410916552337,9.33083818854401
2012,3020,"T_min",1,5.68501908862726,5.68501908862726,5.68501908862726,NA,5.68501908862726
2012,3440,"T_min",2,9.75956548303987,9.73207801580429,9.78705295027545,0.0388731489598431,9.75956548303987
2012,3450,"T_min",1,6.61264291093317,6.61264291093317,6.61264291093317,NA,6.61264291093317
2012,3550,"T_min",8,6.66248537260215,5.95814164004095,7.03888059407473,0.439039072051983,6.85327584486572
2013,0,"T_min",1,7.59276790740689,7.59276790740689,7.59276790740689,NA,7.59276790740689
2013,1010,"T_min",121,4.46964558388659,3.9450361803174,5.21838390806389,0.3595379059599,4.45554980635643
2013,1020,"T_min",114,5.75782474055165,4.0571001470089,6.71875317830631,0.563818195879386,5.87642722957244
2013,1030,"T_min",27,7.60798225605008,6.62704416305095,9.0379645868245,0.768946253977907,7.40263972840881
2013,1040,"T_min",4,7.92824923903676,7.44527149252759,8.99685996755396,0.719135208850046,7.63716508274126
2013,1050,"T_min",73,4.3463727326777,3.09939158268852,6.07464634534064,0.679808973700886,4.27903074771166
2013,1060,"T_min",144,6.19681621741532,3.63599319627886,8.19820113113385,0.766615375601176,6.12781994302744
2013,1070,"T_min",16,7.80540784772154,7.21420064540527,8.80848431433125,0.471746160004552,7.88094748156613
2013,1080,"T_min",1,7.68303703545109,7.68303703545109,7.68303703545109,NA,7.68303703545109
2013,1090,"T_min",74,5.7095196655284,2.78253109962613,8.2592682775953,1.06779072788261,5.85400632963723
2013,1100,"T_min",109,7.07689310503494,5.89121495837778,8.89928892999887,0.858148906650025,7.07991815740233
2013,1110,"T_min",14,7.55759358653244,6.56114335875233,9.15198218822479,0.64708243693321,7.40982433094522
2013,1120,"T_min",1,9.66249581426382,9.66249581426382,9.66249581426382,NA,9.66249581426382
2013,1610,"T_min",52,7.78303812366068,6.65461652137878,9.32846096690755,0.544724119428226,7.75204456360349
2013,1620,"T_min",10,8.3067719125611,7.49812312424183,8.83237783075463,0.423348145372181,8.32391684045009
2013,1630,"T_min",2,8.30922327643083,8.25507477214766,8.363371780714,0.076577549139476,8.30922327643083
2013,1650,"T_min",61,7.06113064137445,6.39334832915206,8.1680620241887,0.45894019481745,6.96397302566128
2013,1660,"T_min",27,8.2676846059756,7.20534104746175,9.19157850840107,0.571639468458793,8.317496040872
2013,1670,"T_min",6,8.69101449414391,8.10238961130381,9.33461669913983,0.428934408092911,8.58843456890573
2013,1690,"T_min",89,6.2502843012848,5.48157835168143,8.021905366968,0.627720527298728,6.06787285037903
2013,1700,"T_min",50,7.80135248891113,7.01368087193508,8.75572986155748,0.445581869630438,7.80220321036375
2013,1710,"T_min",10,8.36065496079927,7.51655234290914,9.40614033490419,0.673138981072576,8.28876394068498
2013,1720,"T_min",1,7.90245223764658,7.90245223764658,7.90245223764658,NA,7.90245223764658
2013,1730,"T_min",83,5.18500303663566,4.55335968639794,6.88026168769393,0.312582758934282,5.20299166627715
2013,1740,"T_min",59,6.63289518963323,4.34275339543819,7.52362882590128,0.700381953762319,6.78929875212198
2013,1750,"T_min",5,7.19676021171789,6.89977060669891,7.47459106146452,0.268721674015005,7.15390154552575
2013,1760,"T_min",2,8.58654146932142,8.55469263583277,8.61836317467496,0.0450218697771131,8.58652790525387
2013,3020,"T_min",1,4.15532633601469,4.15532633601469,4.15532633601469,NA,4.15532633601469
2013,3440,"T_min",2,6.50253272164453,6.46832257328386,6.53674287000519,0.0483804557824481,6.50253272164453
2013,3450,"T_min",1,4.6242100139588,4.6242100139588,4.6242100139588,NA,4.6242100139588
2013,3550,"T_min",6,7.22714679908621,6.39888983294296,9.24698730048073,1.01927838653108,6.94142638004868
2014,0,"T_min",1,7.43152667597154,7.43152667597154,7.43152667597154,NA,7.43152667597154
2014,1010,"T_min",121,4.87632380152755,2.9145712480775,5.96430417333816,0.797754881626539,5.12708620420274
2014,1020,"T_min",114,5.8710450010697,4.14499345421791,8.37266153097153,0.887372020293456,5.8237055548625
2014,1030,"T_min",27,7.93150459763983,5.90576302058777,9.10314535808431,0.813517903932417,7.9468491790999
2014,1040,"T_min",4,8.15858776381469,7.08985802453647,9.20541888304768,0.881977999958926,8.17183145307821
2014,1050,"T_min",73,3.34229214413026,2.77720100460912,4.22886032974347,0.329987256636681,3.28367729011415
2014,1060,"T_min",144,3.96608369228259,3.13953195573461,6.03022592554365,0.664857603079727,3.8353712721449
2014,1070,"T_min",29,5.73102058473171,4.49081859142421,7.39965789285276,0.925777812373138,5.5929740975551
2014,1080,"T_min",2,6.43398828367096,5.8048114586039,7.06162020479901,0.888697987089125,6.43321583170145
2014,1090,"T_min",74,4.2518705775044,2.84051028639078,7.85555590689182,1.19897993763897,4.37936958821649
2014,1100,"T_min",112,5.06639156777233,3.03019777452878,6.79257800105025,0.855598430603549,4.96820637740535
2014,1110,"T_min",22,6.90544417345931,5.70853171043822,9.11975464224815,0.850393470666215,6.71951426571948
2014,1120,"T_min",1,5.69838984952449,5.69838984952449,5.69838984952449,NA,5.69838984952449
2014,1610,"T_min",48,8.41504510979985,7.25478531055245,9.69032869488001,0.6334127269175,8.35277474788108
2014,1620,"T_min",8,8.52718016748668,7.88130567653093,9.04638155224316,0.358631677736493,8.4809804695551
2014,1630,"T_min",2,8.13781246500362,8.01058664299559,8.26503828701166,0.179924482967829,8.13781246500362
2014,1650,"T_min",61,6.60167088201804,5.96209330329385,7.53493376737454,0.47268159912125,6.4782462102989
2014,1660,"T_min",27,7.81448364108176,6.82613838228804,8.75431634809823,0.526416222923219,7.83531657789438
2014,1670,"T_min",6,8.45078750519086,7.74290108860592,8.99754052984907,0.470473654217469,8.48597500023575
2014,1690,"T_min",89,6.02320833758687,5.57041101139565,6.65800391956672,0.222690906344077,6.04120821575235
2014,1700,"T_min",47,7.05641088145156,6.22281613459362,8.70958587527275,0.598446083895796,6.92168951779604
2014,1710,"T_min",4,8.25307127982302,8.16247724574919,8.36154175181016,0.0991851896509501,8.2441161264484
2014,1730,"T_min",83,5.91056685769648,5.18657032898924,6.49672080703326,0.230732624284642,5.93543970506946
2014,1740,"T_min",58,7.1542020544937,6.17165478524653,8.94582751548245,0.696732023914483,6.96416671881071
2014,1750,"T_min",4,7.75440148624734,4.86498612910509,9.22994913267525,2.04114496423952,8.45704233625405
2014,1760,"T_min",2,9.73174633305133,9.60225778844295,9.86134526717825,0.183202513134256,9.7318015278106
2014,3020,"T_min",1,2.87115934191561,2.87115934191561,2.87115934191561,NA,2.87115934191561
2014,3440,"T_min",2,8.17188606090444,7.51570178568363,8.82807033612526,0.927984701433236,8.17188606090444
2014,3450,"T_min",1,3.14921796296118,3.14921796296118,3.14921796296118,NA,3.14921796296118
2014,3550,"T_min",8,6.99542690708551,4.48777735233307,9.97357197340859,2.1264896262483,6.94143314012079
2015,0,"T_min",1,8.34166391360963,8.34166391360963,8.34166391360963,NA,8.34166391360963
2015,1010,"T_min",121,3.6526723443849,0.712827422897317,6.14215472722286,1.46069985838105,3.88725602713761
2015,1020,"T_min",112,5.59665341035447,2.72433955411696,9.83994153996402,1.64406288308656,5.34072497466189
2015,1030,"T_min",5,8.91626136985567,6.59009257948115,9.95014271631795,1.33538269146811,9.40058449088834
2015,1050,"T_min",73,2.02028466049305,0.729384089780838,4.03368566737632,0.84149183840637,1.84217204817022
2015,1060,"T_min",143,3.91512760581248,1.54112657064129,9.30401463419936,1.19077116324995,3.74091025340836
2015,1070,"T_min",21,5.55476507452247,4.14018379902172,8.46320593756184,1.19851840909102,5.41013542825144
2015,1080,"T_min",1,8.86423499099314,8.86423499099314,8.86423499099314,NA,8.86423499099314
2015,1090,"T_min",74,3.59483079826547,0.817573236090337,7.51148164323841,1.81848962662858,3.12097753404459
2015,1100,"T_min",106,4.18104670580345,1.10608235746622,9.74379712343216,1.23556611659778,4.13730278983713
2015,1110,"T_min",22,6.51835042824674,3.85938087235924,9.47228227597487,1.49885783293919,6.0866890260198
2015,1120,"T_min",1,6.28601893490823,6.28601893490823,6.28601893490823,NA,6.28601893490823
2015,1610,"T_min",51,6.98705693358535,5.27841743093202,9.51491092220757,1.0177576339868,6.82336580967079
2015,1620,"T_min",9,7.96967614756772,6.25932221896787,9.90737471132453,1.35833552534891,7.74784800060989
2015,1630,"T_min",2,8.69208985233557,8.57865828953514,8.805521415136,0.160416454513544,8.69208985233557
2015,1650,"T_min",60,5.72400004039482,3.29396277784736,9.34113824411459,1.19487542938954,5.51612904667854
2015,1660,"T_min",25,7.93727528410364,6.12864627610109,9.78323579211379,1.01097336559125,8.21814498942262
2015,1670,"T_min",5,8.86586483573326,8.03654092645933,9.83001656413196,0.745355310655795,9.10981750566295
2015,1690,"T_min",89,5.59385820101413,2.80304735829689,8.2371593490243,1.18488477441477,5.94891892950431
2015,1700,"T_min",35,6.92862765963034,5.59208217042873,8.59312724322081,0.539748848905926,6.87759201122194
2015,1710,"T_min",6,9.18150635187278,7.99307513047348,9.85124950284823,0.839179823682905,9.60737612964896
2015,1730,"T_min",83,6.11602581201387,3.34104433276508,8.95028659214923,0.871290674963417,6.04329821569027
2015,1740,"T_min",37,7.63965224685146,4.75605256745779,9.93276773393154,1.35099267548543,7.84514826055874
2015,3020,"T_min",1,0.834467481840328,0.834467481840328,0.834467481840328,NA,0.834467481840328
2015,3440,"T_min",2,5.23950948852634,5.13419855625969,5.34482042079298,0.148932148677644,5.23950948852634
2015,3450,"T_min",1,1.66175438689954,1.66175438689954,1.66175438689954,NA,1.66175438689954
2015,3550,"T_min",8,6.36894908168092,5.04354304251472,8.62035169079947,1.2498978653591,5.90549644444421
2016,0,"T_min",1,8.41369604731193,8.41369604731193,8.41369604731193,NA,8.41369604731193
2016,1010,"T_min",121,6.18794678209795,5.19385358691216,7.19313348525756,0.494416964474899,6.21120989155237
2016,1020,"T_min",114,6.22697991037729,5.40919218957424,8.07885249757663,0.542382008321965,6.09001536906359
2016,1030,"T_min",22,8.00734231015033,7.06822154053514,9.37912434620056,0.669807370601409,7.97913425737538
2016,1040,"T_min",4,8.18989629308355,7.96037918318645,8.44001303376509,0.206178833915593,8.17950892588878
2016,1050,"T_min",73,4.9774228955199,3.7083798610382,5.77198320493332,0.435113427663307,4.96755176249195
2016,1060,"T_min",144,5.72406112208172,4.48946496333212,9.64003638772964,1.06173897792813,5.37211916559566
2016,1070,"T_min",18,8.09600778524958,5.6274605691433,9.7348295607807,1.37565593400404,7.95257408419535
2016,1080,"T_min",2,7.76890305528942,7.59719966929738,7.94102908587366,0.243124112032502,7.76911437758552
2016,1090,"T_min",74,5.32503342105803,4.06149481236935,8.56878670547619,1.22398240997779,4.81604829182372
2016,1100,"T_min",111,6.56536522758525,4.4211272608131,9.91958373785019,1.25670959841476,6.22220528125763
2016,1110,"T_min",9,7.15774443292689,5.48170476476078,9.70787197755067,1.29626899600414,6.97405779274331
2016,1120,"T_min",1,6.59575183689594,6.59575183689594,6.59575183689594,NA,6.59575183689594
2016,1610,"T_min",38,9.26310677540341,8.04051097877244,9.8671133955931,0.479737242672235,9.35229860781605
2016,1620,"T_min",9,9.46849408086534,8.75752278946892,9.73779425453175,0.312880873157957,9.57494288943238
2016,1630,"T_min",2,9.04653654926769,8.95934938143254,9.13372371710284,0.123301275217368,9.04653654926769
2016,1650,"T_min",61,8.18685063807216,6.38690697048185,8.99471337140821,0.518150082600296,8.35545587528047
2016,1660,"T_min",27,8.71588159191817,8.41994595439869,9.25117795542465,0.187991629243612,8.69940152996946
2016,1670,"T_min",6,8.88937930973301,8.71798410874869,9.15079461270451,0.156384240246975,8.85968411953866
2016,1690,"T_min",89,7.56840276543477,6.70401901198723,8.62393171589423,0.481363960270144,7.52293661672279
2016,1700,"T_min",49,8.43580748592456,7.48865162313941,9.35413679480553,0.484468512889233,8.59044376474426
2016,1710,"T_min",10,9.22924109055115,8.69304881687059,9.88430658130338,0.400945836598481,9.15297568612817
2016,1720,"T_min",1,9.92790401445359,9.92790401445359,9.92790401445359,NA,9.92790401445359
2016,1730,"T_min",83,6.90463519977743,6.30867992463754,7.51472185095855,0.29526987906301,6.91026601593758
2016,1740,"T_min",58,7.30287127889384,6.63415085520885,9.65998679637038,0.658214080663532,7.04685640982937
2016,1750,"T_min",5,9.07123589135107,8.0899380594492,9.89363411525043,0.765073841165522,8.81411613442744
2016,1760,"T_min",2,9.35252543504616,9.29776510194604,9.40733245155619,0.0774758159059749,9.35254877675111
2016,3020,"T_min",1,3.95974156502377,3.95974156502377,3.95974156502377,NA,3.95974156502377
2016,3440,"T_min",2,9.53848562227373,9.44693368882789,9.63003755571958,0.129473985940593,9.53848562227374
2016,3450,"T_min",1,4.68919951468706,4.68919951468706,4.68919951468706,NA,4.68919951468706
2016,3550,"T_min",7,7.99194622789541,6.38650611189835,9.96245676115877,1.42748107855476,7.44245736300945
2017,0,"T_min",1,7.53076147134568,7.53076147134568,7.53076147134568,NA,7.53076147134568
2017,1010,"T_min",121,5.39684969952979,4.83413620539264,5.93284685233793,0.286305879984082,5.36276715294417
2017,1020,"T_min",114,5.55851524460455,4.77636037766933,6.31208274803229,0.404522360522267,5.54395050365562
2017,1030,"T_min",27,6.27104608334096,5.98648128296221,6.56128005282733,0.152744346931474,6.26078496571104
2017,1040,"T_min",4,6.39976738649616,6.23873548158963,6.60060126723165,0.150105536360206,6.38026856848962
2017,1050,"T_min",73,4.17788351888133,3.37241627889666,4.99444169439298,0.417615572528401,4.16989655792713
2017,1060,"T_min",144,4.95703492212949,3.86587394973164,6.29570200715697,0.486284928985183,4.96313365548849
2017,1070,"T_min",29,5.90723111891567,5.4840045250146,6.63608464615464,0.315788726158105,5.86202940187223
2017,1080,"T_min",2,6.59094033927561,6.5876704170648,6.59420223239905,0.00461869091630689,6.59093632473193
2017,1090,"T_min",74,5.45909335601049,3.46796086842895,9.6057532553419,1.1751919071336,5.38899711224565
2017,1100,"T_min",112,5.91168173163974,4.48152234913985,8.38281615113384,0.597814669254056,5.76514084938406
2017,1110,"T_min",22,6.61322549231567,5.58990127979543,8.65630242428787,0.88103123859349,6.31631392972572
2017,1120,"T_min",1,7.43220314383507,7.43220314383507,7.43220314383507,NA,7.43220314383507
2017,1610,"T_min",49,8.01832304915858,7.49359560291477,8.79116667618219,0.232679205985995,7.96178446193082
2017,1620,"T_min",10,7.94373004837154,7.22324699836151,8.39233309602638,0.316934891498157,7.94603262901419
2017,1630,"T_min",2,7.87037910280022,7.76887295437983,7.97188525122061,0.143551371760372,7.87037910280022
2017,1650,"T_min",61,7.48988754091795,7.01000481379234,7.86068301647902,0.223308560784019,7.54967131364239
2017,1660,"T_min",27,8.0210650567783,7.3972488560898,9.06335643678904,0.510545219230915,7.83793100920568
2017,1670,"T_min",6,8.27860602394708,7.35602894425392,9.20105595141649,0.739508721326415,8.13142599593957
2017,1690,"T_min",89,6.65135446254081,5.96525066057577,7.40252542131185,0.343793813351175,6.66479888037441
2017,1700,"T_min",50,7.4859866146085,6.47167663012277,9.01012594717132,0.51798856314013,7.52123364737144
2017,1710,"T_min",10,8.49496278719258,7.76990193466811,9.20032350718975,0.434717115689066,8.5323452891663
2017,1720,"T_min",1,8.2144535779953,8.2144535779953,8.2144535779953,NA,8.2144535779953
2017,1730,"T_min",83,6.19910465551819,5.72219025378475,6.67678637230831,0.215377309875886,6.18851284682751
2017,1740,"T_min",59,6.78632326065226,5.63551745563745,8.29996021421738,0.704788810642891,6.64947079496901
2017,1750,"T_min",5,7.69436469794241,6.99428679572892,8.09196479315853,0.458836071937252,7.82588119106381
2017,1760,"T_min",2,6.27952458960972,6.17532449705089,6.38381351317739,0.14742399710596,6.27956900511414
2017,3020,"T_min",1,4.11184186834564,4.11184186834564,4.11184186834564,NA,4.11184186834564
2017,3440,"T_min",2,8.57889596415423,8.49946721162083,8.65832471668763,0.112329219075111,8.57889596415423
2017,3450,"T_min",1,4.55842317817014,4.55842317817014,4.55842317817014,NA,4.55842317817014
2017,3550,"T_min",7,7.03982623704354,5.5468917042017,9.73811773416366,1.56652312460195,6.66024830210936
2018,0,"T_min",1,7.2913540525144,7.2913540525144,7.2913540525144,NA,7.2913540525144
2018,1010,"T_min",121,4.76486874706959,3.88378296842279,5.35111286311631,0.227487060513206,4.70926046106816
2018,1020,"T_min",114,5.2247329856183,4.56834621727467,6.80212407060579,0.441722726592492,5.11246969459167
2018,1030,"T_min",27,6.45023118538247,5.23982645738873,8.3611070105509,0.76682579514302,6.28504363535621
2018,1040,"T_min",4,6.97405239592091,6.10591823489055,7.73177283257246,0.679414347744706,7.03097961591633
2018,1050,"T_min",73,4.03760768827216,2.81447201447085,4.53480890265817,0.364325453584167,4.14694462072389
2018,1060,"T_min",144,4.8005099886401,3.89192931047651,6.92360344903287,0.690584316934195,4.56883803320062
2018,1070,"T_min",29,7.0136106785282,5.3505966514349,9.42668353325588,0.868922145803156,6.9526051408063
2018,1080,"T_min",2,6.23446036827118,5.04078578889021,7.42520395514558,1.68603825454357,6.23299487201789
2018,1090,"T_min",74,4.49406144577026,2.9284035935998,8.32806935787272,1.21963279653898,4.32658211230201
2018,1100,"T_min",107,5.25852911268203,3.2404248341918,9.95400861650705,1.37037051751892,4.7698034859726
2018,1110,"T_min",16,6.39512607563218,4.7074458751122,9.66085126521673,1.27523115997353,6.68433388204268
2018,1120,"T_min",1,7.75902283653746,7.75902283653746,7.75902283653746,NA,7.75902283653746
2018,1610,"T_min",52,7.04253619096873,6.40616150535042,8.55939959552705,0.594284240990161,6.79698123647406
2018,1620,"T_min",10,8.03886711894712,7.0338059086511,8.52116433977333,0.503145923896412,8.23478590158939
2018,1630,"T_min",2,7.50556393703786,7.48590431344444,7.52522356063127,0.0278029063169576,7.50556393703785
2018,1650,"T_min",61,6.33525857475669,5.85378583520651,7.15668696981576,0.314306721594333,6.27310407117007
2018,1660,"T_min",27,7.20814161534283,6.24124883115292,7.96492121979824,0.529252815425791,7.22809786931445
2018,1670,"T_min",6,7.67484607353786,7.51009694681941,7.79796473456458,0.116110309432159,7.70757334055184
2018,1690,"T_min",89,5.73758472620171,5.34237985694528,6.33028923641147,0.258649309633071,5.65407521036008
2018,1700,"T_min",50,6.82752235707992,5.42625850110965,8.14739040147464,0.616796636369827,6.66922923540397
2018,1710,"T_min",10,7.95389629593733,7.26630160615267,8.35784766280267,0.33677777225349,8.04230295546818
2018,1720,"T_min",1,7.72884305566549,7.72884305566549,7.72884305566549,NA,7.72884305566549
2018,1730,"T_min",83,5.23267883159939,4.69068271398759,5.61539003300963,0.245757673504296,5.30020505770255
2018,1740,"T_min",59,5.82313479960576,4.65899791304462,7.38338037549622,0.817851321594432,6.04616655687555
2018,1750,"T_min",5,6.08077010891375,4.90327832810097,6.81086615544719,0.879827874564015,6.51847596169485
2018,1760,"T_min",2,6.12635237816987,6.03910338411755,6.21367575234961,0.123441305384684,6.12638956823358
2018,3020,"T_min",1,2.85353828794718,2.85353828794718,2.85353828794718,NA,2.85353828794718
2018,3440,"T_min",2,6.66328171681099,6.62371454952045,6.70284888410152,0.0559564246069599,6.66328171681099
2018,3450,"T_min",1,3.77563451047759,3.77563451047759,3.77563451047759,NA,3.77563451047759
2018,3550,"T_min",8,7.22694457233175,5.90282424026326,9.41829361755813,1.32851533046562,6.97924989221542
